canonical_facility_id, facility_name                                                         , facility_type        , facility_subtype                                                                      , operator                                                                                                           , state            , district                     , latitude        , longitude       , capacity_mw, primary_fuel, commissioning_year, closure_year, source_manual, source_wri, source_osm, verification_status, geometry_source
FAC_IND_REF_001      , Digboi Refinery                                                       , refinery             , NA                                                                                    , Indian Oil Corporation Limited (IOCL)                                                                              , Assam            , Tinsukia                     , 27.3833         , 95.6167         , NA         , NA          ,             1901.0,             , True         , False     , False     , verified           , point_only
FAC_IND_REF_002      , Guwahati Refinery                                                     , refinery             , NA                                                                                    , Indian Oil Corporation Limited (IOCL)                                                                              , Assam            , Kamrup Metropolitan          , 26.17           , 91.75           , NA         , NA          ,             1962.0,             , True         , False     , False     , verified           , point_only
FAC_IND_REF_003      , Gujarat Refinery (Koyali)                                             , refinery             , NA                                                                                    , Indian Oil Corporation Limited (IOCL)                                                                              , Gujarat          , Vadodara                     , 22.38           , 73.25           , NA         , NA          ,             1965.0,             , True         , False     , False     , verified           , point_only
FAC_IND_REF_004      , Barauni Refinery                                                      , refinery             , NA                                                                                    , Indian Oil Corporation Limited (IOCL)                                                                              , Bihar            , Begusarai                    , 25.434          , 86.059          , NA         , NA          ,             1964.0,             , True         , False     , False     , verified           , point_only
FAC_IND_REF_005      , Haldia Refinery                                                       , refinery             , NA                                                                                    , Indian Oil Corporation Limited (IOCL)                                                                              , West Bengal      , Purba Medinipur              , 22.0667         , 88.0698         , NA         , NA          ,             1975.0,             , True         , False     , False     , verified           , point_only
FAC_IND_REF_006      , Mathura Refinery                                                      , refinery             , NA                                                                                    , Indian Oil Corporation Limited (IOCL)                                                                              , Uttar Pradesh    , Mathura                      , 27.47           , 77.63           , NA         , NA          ,             1982.0,             , True         , False     , False     , verified           , point_only
FAC_IND_REF_007      , Panipat Refinery & Petrochemical Complex                              , refinery             , NA                                                                                    , Indian Oil Corporation Limited (IOCL)                                                                              , Haryana          , Panipat                      , 29.42           , 76.98           , NA         , NA          ,             1998.0,             , True         , False     , False     , verified           , point_only
FAC_IND_REF_008      , Bongaigaon Refinery                                                   , refinery             , NA                                                                                    , Indian Oil Corporation Limited (IOCL)                                                                              , Assam            , Chirang                      , 26.47           , 90.558          , NA         , NA          ,             1979.0,             , True         , False     , False     , verified           , point_only
FAC_IND_REF_009      , Paradip Refinery                                                      , refinery             , NA                                                                                    , Indian Oil Corporation Limited (IOCL)                                                                              , Odisha           , Jagatsinghpur                , 20.26           , 86.61           , NA         , NA          ,             2016.0,             , True         , False     , False     , verified           , point_only
FAC_IND_REF_010      , Mumbai Refinery (HPCL)                                                , refinery             , NA                                                                                    , Hindustan Petroleum Corporation Limited (HPCL)                                                                     , Maharashtra      , Mumbai Suburban              , 19.017          , 72.908          , NA         , NA          ,             1954.0,             , True         , False     , False     , verified           , point_only
FAC_IND_REF_011      , Visakhapatnam Refinery                                                , refinery             , NA                                                                                    , Hindustan Petroleum Corporation Limited (HPCL)                                                                     , Andhra Pradesh   , Visakhapatnam                , 17.66           , 83.15           , NA         , NA          ,             1957.0,             , True         , False     , False     , verified           , point_only
FAC_IND_REF_012      , Mumbai Refinery (BPCL)                                                , refinery             , NA                                                                                    , Bharat Petroleum Corporation Limited (BPCL)                                                                        , Maharashtra      , Mumbai City                  , 19.02           , 72.91           , NA         , NA          ,             1955.0,             , True         , False     , False     , verified           , point_only
FAC_IND_REF_013      , Kochi Refinery                                                        , refinery             , NA                                                                                    , Bharat Petroleum Corporation Limited (BPCL)                                                                        , Kerala           , Ernakulam                    ,  9.92           , 76.36           , NA         , NA          ,             1963.0,             , True         , False     , False     , verified           , point_only
FAC_IND_REF_014      , Bina Refinery                                                         , refinery             , NA                                                                                    , Bharat Petroleum Corporation Limited (BPCL)                                                                        , Madhya Pradesh   , Sagar                        , 24.18           , 78.2            , NA         , NA          ,             2011.0,             , True         , False     , False     , verified           , point_only
FAC_IND_REF_015      , Manali Refinery                                                       , refinery             , NA                                                                                    , Chennai Petroleum Corporation Limited (CPCL)                                                                       , Tamil Nadu       , Chennai                      , 13.17           , 80.26           , NA         , NA          ,             1965.0,             , True         , False     , False     , verified           , point_only
FAC_IND_REF_016      , Numaligarh Refinery                                                   , refinery             , NA                                                                                    , Numaligarh Refinery Limited (NRL)                                                                                  , Assam            , Golaghat                     , 26.65           , 93.72           , NA         , NA          ,             2000.0,             , True         , False     , False     , verified           , point_only
FAC_IND_REF_017      , Tatipaka Refinery                                                     , refinery             , NA                                                                                    , Oil and Natural Gas Corporation (ONGC)                                                                             , Andhra Pradesh   , East Godavari                , 16.75           , 81.95           , NA         , NA          ,             2001.0,             , True         , False     , False     , probable           , point_only
FAC_IND_REF_018      , Mangalore Refinery                                                    , refinery             , NA                                                                                    , Mangalore Refinery and Petrochemicals Limited (MRPL)                                                               , Karnataka        , Dakshina Kannada             , 12.9            , 74.83           , NA         , NA          ,             1996.0,             , True         , False     , False     , verified           , point_only
FAC_IND_REF_019      , Guru Gobind Singh Refinery (GGSR)                                     , refinery             , NA                                                                                    , HPCL-Mittal Energy Limited (HMEL)                                                                                  , Punjab           , Bathinda                     , 29.9306         , 74.9458         , NA         , NA          ,             2012.0,             , True         , False     , False     , probable           , point_only
FAC_IND_REF_020      , HPCL Rajasthan Refinery (Pachpadra)                                   , refinery             , NA                                                                                    , HPCL Rajasthan Refinery Limited (HRRL)                                                                             , Rajasthan        , Balotra                      , 25.9436         , 72.2037         , NA         , NA          ,             2026.0,             , True         , False     , False     , probable           , point_only
FAC_IND_REF_021      , Jamnagar Refinery Complex (incl. SEZ export unit)                     , refinery             , NA                                                                                    , Reliance Industries Limited (RIL)                                                                                  , Gujarat          , Jamnagar                     , 22.355          , 69.835          , NA         , NA          ,             1999.0,             , True         , False     , False     , verified           , point_only
FAC_IND_REF_022      , Vadinar Refinery                                                      , refinery             , NA                                                                                    , Nayara Energy Limited                                                                                              , Gujarat          , Devbhumi Dwarka              , 22.3317         , 69.7472         , NA         , NA          ,             2008.0,             , True         , False     , False     , verified           , point_only
FAC_IND_STEEL_001    , Bhilai Steel Plant                                                    , steel_plant          , integrated                                                                            , Steel Authority of India Limited (SAIL)                                                                            , Chhattisgarh     , Durg                         , 21.25           , 81.38           , NA         , NA          ,             1959.0,             , True         , False     , False     , probable           , point_only
FAC_IND_STEEL_002    , Bokaro Steel Plant                                                    , steel_plant          , integrated                                                                            , Steel Authority of India Limited (SAIL)                                                                            , Jharkhand        , Bokaro                       , 23.67           , 86.15           , NA         , NA          ,             1972.0,             , True         , False     , False     , probable           , point_only
FAC_IND_STEEL_003    , Rourkela Steel Plant                                                  , steel_plant          , integrated                                                                            , Steel Authority of India Limited (SAIL)                                                                            , Odisha           , Sundargarh                   , 22.25           , 84.87           , NA         , NA          ,             1959.0,             , True         , False     , False     , probable           , point_only
FAC_IND_STEEL_004    , Durgapur Steel Plant                                                  , steel_plant          , integrated                                                                            , Steel Authority of India Limited (SAIL)                                                                            , West Bengal      , Paschim Bardhaman            , 23.55           , 87.32           , NA         , NA          ,             1959.0,             , True         , False     , False     , probable           , point_only
FAC_IND_STEEL_005    , IISCO Steel Plant Burnpur                                             , steel_plant          , integrated                                                                            , Steel Authority of India Limited (SAIL)                                                                            , West Bengal      , Paschim Bardhaman            , 23.65           , 86.85           , NA         , NA          ,             1922.0,             , True         , False     , False     , probable           , point_only
FAC_IND_STEEL_006    , Salem Steel Plant                                                     , steel_plant          , special_steel                                                                         , Steel Authority of India Limited (SAIL)                                                                            , Tamil Nadu       , Salem                        , 11.68           , 78.15           , NA         , NA          ,             1973.0,             , True         , False     , False     , probable           , point_only
FAC_IND_STEEL_007    , Bhadravathi Steel Plant (Visvesvaraya Iron & Steel)                   , steel_plant          , special_steel                                                                         , Steel Authority of India Limited (SAIL)                                                                            , Karnataka        , Bhadra                       , 14.3            , 75.82           , NA         , NA          ,             1923.0,             , True         , False     , False     , probable           , point_only
FAC_IND_STEEL_008    , Alloy Steels Plant Durgapur                                           , steel_plant          , special_steel                                                                         , Steel Authority of India Limited (SAIL)                                                                            , West Bengal      , Paschim Bardhaman            , 23.55           , 87.32           , NA         , NA          ,             1965.0,             , True         , False     , False     , probable           , point_only
FAC_IND_STEEL_009    , Visakhapatnam Steel Plant (RINL)                                      , steel_plant          , integrated                                                                            , Rashtriya Ispat Nigam Limited (RINL)                                                                               , Andhra Pradesh   , Visakhapatnam                , 17.72           , 83.32           , NA         , NA          ,             1992.0,             , True         , False     , False     , probable           , point_only
FAC_IND_STEEL_010    , Tata Steel Jamshedpur Works                                           , steel_plant          , integrated                                                                            , Tata Steel Limited                                                                                                 , Jharkhand        , East Singhbhum               , 22.8            , 86.2            , NA         , NA          ,             1912.0,             , True         , False     , False     , probable           , point_only
FAC_IND_STEEL_011    , Tata Steel Kalinganagar                                               , steel_plant          , integrated                                                                            , Tata Steel Limited                                                                                                 , Odisha           , Jajpur                       , 21.12           , 86.45           , NA         , NA          ,             2008.0,             , True         , False     , False     , probable           , point_only
FAC_IND_STEEL_012    , Tata Steel Meramandali                                                , steel_plant          , integrated                                                                            , Tata Steel Limited                                                                                                 , Odisha           , Angul                        , 20.95           , 85.2            , NA         , NA          ,             2014.0,             , True         , False     , False     , probable           , point_only
FAC_IND_STEEL_013    , Tata Steel Ludhiana                                                   , steel_plant          , EAF                                                                                   , Tata Steel Limited                                                                                                 , Punjab           , Ludhiana                     , 30.9            , 75.85           , NA         , NA          ,             2026.0,             , True         , False     , False     , probable           , point_only
FAC_IND_STEEL_014    , JSW Steel Vijayanagar Works                                           , steel_plant          , integrated                                                                            , JSW Steel Limited                                                                                                  , Karnataka        , Ballari                      , 15.18           , 76.66           , NA         , NA          ,             1997.0,             , True         , False     , False     , probable           , point_only
FAC_IND_STEEL_015    , JSW Steel Dolvi Works                                                 , steel_plant          , integrated                                                                            , JSW Steel Limited                                                                                                  , Maharashtra      , Raigad                       , 18.45           , 73.05           , NA         , NA          ,             2007.0,             , True         , False     , False     , probable           , point_only
FAC_IND_STEEL_016    , JSW Steel Salem Works                                                 , steel_plant          , secondary_steel                                                                       , JSW Steel Limited                                                                                                  , Tamil Nadu       , Salem                        , 11.68           , 78.15           , NA         , NA          ,             2010.0,             , True         , False     , False     , probable           , point_only
FAC_IND_STEEL_017    , JSW Steel Vasind                                                      , steel_plant          , secondary_steel                                                                       , JSW Steel Limited                                                                                                  , Maharashtra      , Thane                        , 19.42           , 73.32           , NA         , NA          ,             1995.0,             , True         , False     , False     , probable           , point_only
FAC_IND_STEEL_018    , JSW Steel Kalmeshwar                                                  , steel_plant          , secondary_steel                                                                       , JSW Steel Limited                                                                                                  , Maharashtra      , Nagpur                       , 21.25           , 78.55           , NA         , NA          ,             2000.0,             , True         , False     , False     , probable           , point_only
FAC_IND_STEEL_019    , JSW Steel Tarapur                                                     , steel_plant          , secondary_steel                                                                       , JSW Steel Limited                                                                                                  , Maharashtra      , Thane                        , 19.35           , 73.15           , NA         , NA          ,             1990.0,             , True         , False     , False     , probable           , point_only
FAC_IND_STEEL_020    , Jindal Steel Angul                                                    , steel_plant          , integrated                                                                            , Jindal Steel & Power Limited                                                                                       , Odisha           , Angul                        , 20.95           , 85.2            , NA         , NA          ,             2010.0,             , True         , False     , False     , probable           , point_only
FAC_IND_STEEL_021    , Jindal Steel Raigarh                                                  , steel_plant          , integrated                                                                            , Jindal Steel & Power Limited                                                                                       , Chhattisgarh     , Raigarh                      , 21.9            , 83.4            , NA         , NA          ,             1998.0,             , True         , False     , False     , probable           , point_only
FAC_IND_STEEL_022    , Jindal Steel Patratu                                                  , steel_plant          , sponge_iron                                                                           , Jindal Steel & Power Limited                                                                                       , Jharkhand        , Ramgarh                      , 23.7            , 85.55           , NA         , NA          ,             2005.0,             , True         , False     , False     , probable           , point_only
FAC_IND_STEEL_023    , AMNS India Hazira                                                     , steel_plant          , integrated                                                                            , ArcelorMittal Nippon Steel India                                                                                   , Gujarat          , Surat                        , 21.35           , 73.05           , NA         , NA          ,             2004.0,             , True         , False     , False     , probable           , point_only
FAC_IND_STEEL_024    , AMNS India Durgapur                                                   , steel_plant          , secondary_steel                                                                       , ArcelorMittal Nippon Steel India                                                                                   , West Bengal      , Paschim Bardhaman            , 23.55           , 87.32           , NA         , NA          ,             2015.0,             , True         , False     , False     , probable           , point_only
FAC_IND_STEEL_025    , Jindal Stainless Hisar                                                , steel_plant          , stainless_steel                                                                       , Jindal Stainless Limited                                                                                           , Haryana          , Hisar                        , 29.15           , 75.72           , NA         , NA          ,             1990.0,             , True         , False     , False     , probable           , point_only
FAC_IND_STEEL_026    , Jindal Stainless Kalinganagar                                         , steel_plant          , stainless_steel                                                                       , Jindal Stainless Limited                                                                                           , Odisha           , Jajpur                       , 21.12           , 86.45           , NA         , NA          ,             2015.0,             , True         , False     , False     , probable           , point_only
FAC_IND_STEEL_027    , Shyam Metalics Raipur                                                 , steel_plant          , integrated                                                                            , Shyam Metalics and Energy Limited                                                                                  , Chhattisgarh     , Raipur                       , 21.25           , 81.63           , NA         , NA          ,             2011.0,             , True         , False     , False     , probable           , point_only
FAC_IND_STEEL_028    , Shyam Metalics Anjani                                                 , steel_plant          , sponge_iron                                                                           , Shyam Metalics and Energy Limited                                                                                  , Chhattisgarh     , Raipur                       , 21.3            , 81.7            , NA         , NA          ,             2008.0,             , True         , False     , False     , probable           , point_only
FAC_IND_STEEL_029    , Godawari Power Raigarh                                                , steel_plant          , sponge_iron                                                                           , Godawari Power & Ispat Limited                                                                                     , Chhattisgarh     , Raigarh                      , 21.9            , 83.4            , NA         , NA          ,             2007.0,             , True         , False     , False     , probable           , point_only
FAC_IND_STEEL_030    , IMFA Kalinganagar                                                     , steel_plant          , ferroalloy                                                                            , Indian Metals & Ferro Alloys Limited                                                                               , Odisha           , Jajpur                       , 21.12           , 86.45           , NA         , NA          ,             2008.0,             , True         , False     , False     , probable           , point_only
FAC_IND_STEEL_031    , IMFA Jharsuguda                                                       , steel_plant          , ferroalloy                                                                            , Indian Metals & Ferro Alloys Limited                                                                               , Odisha           , Jharsuguda                   , 21.9            , 84.0            , NA         , NA          ,             2010.0,             , True         , False     , False     , probable           , point_only
FAC_IND_STEEL_032    , Electrosteel Castings Bokaro                                          , steel_plant          , EAF                                                                                   , Electrosteel Castings Limited                                                                                      , Jharkhand        , Bokaro                       , 23.67           , 86.15           , NA         , NA          ,             2005.0,             , True         , False     , False     , probable           , point_only
FAC_IND_STEEL_033    , Prakash Industries Raigarh                                            , steel_plant          , integrated                                                                            , Prakash Industries Limited                                                                                         , Chhattisgarh     , Raigarh                      , 21.9            , 83.4            , NA         , NA          ,             2006.0,             , True         , False     , False     , probable           , point_only
FAC_IND_STEEL_034    , Uttam Galva Raipur                                                    , steel_plant          , secondary_steel                                                                       , Uttam Galva Steels Limited                                                                                         , Chhattisgarh     , Raipur                       , 21.25           , 81.63           , NA         , NA          ,             2008.0,             , True         , False     , False     , probable           , point_only
FAC_IND_STEEL_035    , APL Apollo Raipur                                                     , steel_plant          , secondary_steel                                                                       , APL Apollo Limited                                                                                                 , Chhattisgarh     , Raipur                       , 21.25           , 81.63           , NA         , NA          ,             2010.0,             , True         , False     , False     , probable           , point_only
FAC_IND_STEEL_036    , Bhushan Steel Meramandali                                             , steel_plant          , integrated                                                                            , Tata Steel Limited (formerly Bhushan Steel)                                                                        , Odisha           , Angul                        , 20.95           , 85.2            , NA         , NA          ,             2012.0,             , True         , False     , False     , probable           , point_only
FAC_IND_STEEL_037    , Sponge Iron India Limited Raigarh                                     , steel_plant          , sponge_iron                                                                           , Sponge Iron India Limited                                                                                          , Chhattisgarh     , Raigarh                      , 21.9            , 83.4            , NA         , NA          ,             2005.0,             , True         , False     , False     , probable           , point_only
FAC_IND_STEEL_038    , Monnet Ispat Raipur                                                   , steel_plant          , sponge_iron                                                                           , Monnet Ispat & Energy Limited                                                                                      , Chhattisgarh     , Raipur                       , 21.25           , 81.63           , NA         , NA          ,             2006.0,             , True         , False     , False     , probable           , point_only
FAC_IND_STEEL_039    , Neelachal Ispat Raipur                                                , steel_plant          , sponge_iron                                                                           , Neelachal Ispat Nigam Limited                                                                                      , Chhattisgarh     , Raipur                       , 21.25           , 81.63           , NA         , NA          ,             2007.0,             , True         , False     , False     , probable           , point_only
FAC_IND_STEEL_040    , Rungta Mines Raipur                                                   , steel_plant          , sponge_iron                                                                           , Rungta Mines Limited                                                                                               , Chhattisgarh     , Raipur                       , 21.25           , 81.63           , NA         , NA          ,             2008.0,             , True         , False     , False     , probable           , point_only
FAC_IND_STEEL_041    , Kedia Ispat Raipur                                                    , steel_plant          , sponge_iron                                                                           , Kedia Ispat Limited                                                                                                , Chhattisgarh     , Raipur                       , 21.25           , 81.63           , NA         , NA          ,             2005.0,             , True         , False     , False     , probable           , point_only
FAC_IND_STEEL_042    , Shree Ishwar Raipur                                                   , steel_plant          , sponge_iron                                                                           , Shree Ishwar Iron & Steel Limited                                                                                  , Chhattisgarh     , Raipur                       , 21.25           , 81.63           , NA         , NA          ,             2006.0,             , True         , False     , False     , probable           , point_only
FAC_IND_STEEL_043    , Gupta Ispat Raipur                                                    , steel_plant          , sponge_iron                                                                           , Gupta Ispat Limited                                                                                                , Chhattisgarh     , Raipur                       , 21.25           , 81.63           , NA         , NA          ,             2007.0,             , True         , False     , False     , probable           , point_only
FAC_IND_STEEL_044    , Agarwal Ispat Raipur                                                  , steel_plant          , sponge_iron                                                                           , Agarwal Ispat Limited                                                                                              , Chhattisgarh     , Raipur                       , 21.25           , 81.63           , NA         , NA          ,             2005.0,             , True         , False     , False     , probable           , point_only
FAC_IND_STEEL_045    , Jai Balaji Raipur                                                     , steel_plant          , sponge_iron                                                                           , Jai Balaji Ispat Limited                                                                                           , Chhattisgarh     , Raipur                       , 21.25           , 81.63           , NA         , NA          ,             2006.0,             , True         , False     , False     , probable           , point_only
FAC_IND_STEEL_046    , Nirman Ispat Raipur                                                   , steel_plant          , sponge_iron                                                                           , Nirman Ispat Limited                                                                                               , Chhattisgarh     , Raipur                       , 21.25           , 81.63           , NA         , NA          ,             2007.0,             , True         , False     , False     , probable           , point_only
FAC_IND_STEEL_047    , Shyam Ispat Raipur                                                    , steel_plant          , sponge_iron                                                                           , Shyam Ispat Limited                                                                                                , Chhattisgarh     , Raipur                       , 21.25           , 81.63           , NA         , NA          ,             2005.0,             , True         , False     , False     , probable           , point_only
FAC_IND_STEEL_048    , Kumar Ispat Raipur                                                    , steel_plant          , sponge_iron                                                                           , Kumar Ispat Limited                                                                                                , Chhattisgarh     , Raipur                       , 21.25           , 81.63           , NA         , NA          ,             2006.0,             , True         , False     , False     , probable           , point_only
FAC_IND_STEEL_049    , Shree Bajrang Raipur                                                  , steel_plant          , sponge_iron                                                                           , Shree Bajrang Ispat Limited                                                                                        , Chhattisgarh     , Raipur                       , 21.25           , 81.63           , NA         , NA          ,             2007.0,             , True         , False     , False     , probable           , point_only
FAC_IND_STEEL_050    , Raj Ispat Raipur                                                      , steel_plant          , sponge_iron                                                                           , Raj Ispat Limited                                                                                                  , Chhattisgarh     , Raipur                       , 21.25           , 81.63           , NA         , NA          ,             2005.0,             , True         , False     , False     , probable           , point_only
FAC_IND_STEEL_051    , Sri Balaji Raipur                                                     , steel_plant          , sponge_iron                                                                           , Sri Balaji Ispat Limited                                                                                           , Chhattisgarh     , Raipur                       , 21.25           , 81.63           , NA         , NA          ,             2006.0,             , True         , False     , False     , probable           , point_only
FAC_IND_STEEL_052    , Shree Ganesh Raipur                                                   , steel_plant          , sponge_iron                                                                           , Shree Ganesh Ispat Limited                                                                                         , Chhattisgarh     , Raipur                       , 21.25           , 81.63           , NA         , NA          ,             2007.0,             , True         , False     , False     , probable           , point_only
FAC_IND_STEEL_053    , Jai Mata Di Raipur                                                    , steel_plant          , sponge_iron                                                                           , Jai Mata Di Ispat Limited                                                                                          , Chhattisgarh     , Raipur                       , 21.25           , 81.63           , NA         , NA          ,             2005.0,             , True         , False     , False     , probable           , point_only
FAC_IND_STEEL_054    , Shree Ram Raipur                                                      , steel_plant          , sponge_iron                                                                           , Shree Ram Ispat Limited                                                                                            , Chhattisgarh     , Raipur                       , 21.25           , 81.63           , NA         , NA          ,             2006.0,             , True         , False     , False     , probable           , point_only
FAC_IND_STEEL_055    , Hanuman Ispat Raipur                                                  , steel_plant          , sponge_iron                                                                           , Hanuman Ispat Limited                                                                                              , Chhattisgarh     , Raipur                       , 21.25           , 81.63           , NA         , NA          ,             2007.0,             , True         , False     , False     , probable           , point_only
FAC_IND_STEEL_056    , Shree Krishna Raipur                                                  , steel_plant          , sponge_iron                                                                           , Shree Krishna Ispat Limited                                                                                        , Chhattisgarh     , Raipur                       , 21.25           , 81.63           , NA         , NA          ,             2005.0,             , True         , False     , False     , probable           , point_only
FAC_IND_STEEL_057    , Mahalaxmi Raipur                                                      , steel_plant          , sponge_iron                                                                           , Mahalaxmi Ispat Limited                                                                                            , Chhattisgarh     , Raipur                       , 21.25           , 81.63           , NA         , NA          ,             2006.0,             , True         , False     , False     , probable           , point_only
FAC_IND_STEEL_058    , Shiv Ispat Raipur                                                     , steel_plant          , sponge_iron                                                                           , Shiv Ispat Limited                                                                                                 , Chhattisgarh     , Raipur                       , 21.25           , 81.63           , NA         , NA          ,             2007.0,             , True         , False     , False     , probable           , point_only
FAC_IND_STEEL_059    , Durga Ispat Raipur                                                    , steel_plant          , sponge_iron                                                                           , Durga Ispat Limited                                                                                                , Chhattisgarh     , Raipur                       , 21.25           , 81.63           , NA         , NA          ,             2005.0,             , True         , False     , False     , probable           , point_only
FAC_IND_STEEL_060    , Lakshmi Ispat Raipur                                                  , steel_plant          , sponge_iron                                                                           , Lakshmi Ispat Limited                                                                                              , Chhattisgarh     , Raipur                       , 21.25           , 81.63           , NA         , NA          ,             2006.0,             , True         , False     , False     , probable           , point_only
FAC_IND_STEEL_061    , Ganesh Ispat Raipur                                                   , steel_plant          , sponge_iron                                                                           , Ganesh Ispat Limited                                                                                               , Chhattisgarh     , Raipur                       , 21.25           , 81.63           , NA         , NA          ,             2007.0,             , True         , False     , False     , probable           , point_only
FAC_IND_STEEL_062    , Kali Ispat Raipur                                                     , steel_plant          , sponge_iron                                                                           , Kali Ispat Limited                                                                                                 , Chhattisgarh     , Raipur                       , 21.25           , 81.63           , NA         , NA          ,             2005.0,             , True         , False     , False     , probable           , point_only
FAC_IND_STEEL_063    , Saraswati Ispat Raipur                                                , steel_plant          , sponge_iron                                                                           , Saraswati Ispat Limited                                                                                            , Chhattisgarh     , Raipur                       , 21.25           , 81.63           , NA         , NA          ,             2006.0,             , True         , False     , False     , probable           , point_only
FAC_IND_STEEL_064    , Vishwakarma Raipur                                                    , steel_plant          , sponge_iron                                                                           , Vishwakarma Ispat Limited                                                                                          , Chhattisgarh     , Raipur                       , 21.25           , 81.63           , NA         , NA          ,             2007.0,             , True         , False     , False     , probable           , point_only
FAC_IND_STEEL_065    , Shree Balaji Raipur                                                   , steel_plant          , sponge_iron                                                                           , Shree Balaji Ispat Limited                                                                                         , Chhattisgarh     , Raipur                       , 21.25           , 81.63           , NA         , NA          ,             2005.0,             , True         , False     , False     , probable           , point_only
FAC_IND_STEEL_066    , Jai Shree Raipur                                                      , steel_plant          , sponge_iron                                                                           , Jai Shree Ispat Limited                                                                                            , Chhattisgarh     , Raipur                       , 21.25           , 81.63           , NA         , NA          ,             2006.0,             , True         , False     , False     , probable           , point_only
FAC_IND_STEEL_067    , Shree Mahalaxmi Raipur                                                , steel_plant          , sponge_iron                                                                           , Shree Mahalaxmi Ispat Limited                                                                                      , Chhattisgarh     , Raipur                       , 21.25           , 81.63           , NA         , NA          ,             2007.0,             , True         , False     , False     , probable           , point_only
FAC_IND_STEEL_068    , Shree Ganesh Raipur                                                   , steel_plant          , sponge_iron                                                                           , Shree Ganesh Ispat Limited                                                                                         , Chhattisgarh     , Raipur                       , 21.25           , 81.63           , NA         , NA          ,             2005.0,             , True         , False     , False     , probable           , point_only
FAC_IND_STEEL_069    , Shree Krishna Raipur                                                  , steel_plant          , sponge_iron                                                                           , Shree Krishna Ispat Limited                                                                                        , Chhattisgarh     , Raipur                       , 21.25           , 81.63           , NA         , NA          ,             2006.0,             , True         , False     , False     , probable           , point_only
FAC_IND_STEEL_070    , Shree Ram Raipur                                                      , steel_plant          , sponge_iron                                                                           , Shree Ram Ispat Limited                                                                                            , Chhattisgarh     , Raipur                       , 21.25           , 81.63           , NA         , NA          ,             2007.0,             , True         , False     , False     , probable           , point_only
FAC_IND_STEEL_071    , Shree Shyam Raipur                                                    , steel_plant          , sponge_iron                                                                           , Shree Shyam Ispat Limited                                                                                          , Chhattisgarh     , Raipur                       , 21.25           , 81.63           , NA         , NA          ,             2005.0,             , True         , False     , False     , probable           , point_only
FAC_IND_STEEL_072    , Shree Sai Raipur                                                      , steel_plant          , sponge_iron                                                                           , Shree Sai Ispat Limited                                                                                            , Chhattisgarh     , Raipur                       , 21.25           , 81.63           , NA         , NA          ,             2006.0,             , True         , False     , False     , probable           , point_only
FAC_IND_STEEL_073    , Shree Hanuman Raipur                                                  , steel_plant          , sponge_iron                                                                           , Shree Hanuman Ispat Limited                                                                                        , Chhattisgarh     , Raipur                       , 21.25           , 81.63           , NA         , NA          ,             2007.0,             , True         , False     , False     , probable           , point_only
FAC_IND_STEEL_074    , Shree Durga Raipur                                                    , steel_plant          , sponge_iron                                                                           , Shree Durga Ispat Limited                                                                                          , Chhattisgarh     , Raipur                       , 21.25           , 81.63           , NA         , NA          ,             2005.0,             , True         , False     , False     , probable           , point_only
FAC_IND_STEEL_075    , Shree Lakshmi Raipur                                                  , steel_plant          , sponge_iron                                                                           , Shree Lakshmi Ispat Limited                                                                                        , Chhattisgarh     , Raipur                       , 21.25           , 81.63           , NA         , NA          ,             2006.0,             , True         , False     , False     , probable           , point_only
FAC_IND_STEEL_076    , Shree Vishwakarma Raipur                                              , steel_plant          , sponge_iron                                                                           , Shree Vishwakarma Ispat Limited                                                                                    , Chhattisgarh     , Raipur                       , 21.25           , 81.63           , NA         , NA          ,             2007.0,             , True         , False     , False     , probable           , point_only
FAC_IND_STEEL_077    , Shree Saraswati Raipur                                                , steel_plant          , sponge_iron                                                                           , Shree Saraswati Ispat Limited                                                                                      , Chhattisgarh     , Raipur                       , 21.25           , 81.63           , NA         , NA          ,             2005.0,             , True         , False     , False     , probable           , point_only
FAC_IND_STEEL_078    , Shree Kali Raipur                                                     , steel_plant          , sponge_iron                                                                           , Shree Kali Ispat Limited                                                                                           , Chhattisgarh     , Raipur                       , 21.25           , 81.63           , NA         , NA          ,             2006.0,             , True         , False     , False     , probable           , point_only
FAC_IND_STEEL_079    , Shree Jai Mata Di Raipur                                              , steel_plant          , sponge_iron                                                                           , Shree Jai Mata Di Ispat Limited                                                                                    , Chhattisgarh     , Raipur                       , 21.25           , 81.63           , NA         , NA          ,             2007.0,             , True         , False     , False     , probable           , point_only
FAC_IND_STEEL_080    , Shree Jai Balaji Raipur                                               , steel_plant          , sponge_iron                                                                           , Shree Jai Balaji Ispat Limited                                                                                     , Chhattisgarh     , Raipur                       , 21.25           , 81.63           , NA         , NA          ,             2005.0,             , True         , False     , False     , probable           , point_only
FAC_IND_STEEL_081    , Shree Nirman Raipur                                                   , steel_plant          , sponge_iron                                                                           , Shree Nirman Ispat Limited                                                                                         , Chhattisgarh     , Raipur                       , 21.25           , 81.63           , NA         , NA          ,             2006.0,             , True         , False     , False     , probable           , point_only
FAC_IND_STEEL_082    , Shree Kumar Raipur                                                    , steel_plant          , sponge_iron                                                                           , Shree Kumar Ispat Limited                                                                                          , Chhattisgarh     , Raipur                       , 21.25           , 81.63           , NA         , NA          ,             2007.0,             , True         , False     , False     , probable           , point_only
FAC_IND_STEEL_083    , Shree Bajrang Raipur                                                  , steel_plant          , sponge_iron                                                                           , Shree Bajrang Ispat Limited                                                                                        , Chhattisgarh     , Raipur                       , 21.25           , 81.63           , NA         , NA          ,             2005.0,             , True         , False     , False     , probable           , point_only
FAC_IND_STEEL_084    , Shree Raj Raipur                                                      , steel_plant          , sponge_iron                                                                           , Shree Raj Ispat Limited                                                                                            , Chhattisgarh     , Raipur                       , 21.25           , 81.63           , NA         , NA          ,             2006.0,             , True         , False     , False     , probable           , point_only
FAC_IND_STEEL_085    , Shree Sri Balaji Raipur                                               , steel_plant          , sponge_iron                                                                           , Shree Sri Balaji Ispat Limited                                                                                     , Chhattisgarh     , Raipur                       , 21.25           , 81.63           , NA         , NA          ,             2007.0,             , True         , False     , False     , probable           , point_only
FAC_IND_STEEL_086    , Shree Ganesh Bilaspur                                                 , steel_plant          , sponge_iron                                                                           , Shree Ganesh Ispat Limited                                                                                         , Chhattisgarh     , Bilaspur                     , 22.08           , 82.15           , NA         , NA          ,             2005.0,             , True         , False     , False     , probable           , point_only
FAC_IND_STEEL_087    , Shree Krishna Bilaspur                                                , steel_plant          , sponge_iron                                                                           , Shree Krishna Ispat Limited                                                                                        , Chhattisgarh     , Bilaspur                     , 22.08           , 82.15           , NA         , NA          ,             2006.0,             , True         , False     , False     , probable           , point_only
FAC_IND_STEEL_088    , Shree Ram Bilaspur                                                    , steel_plant          , sponge_iron                                                                           , Shree Ram Ispat Limited                                                                                            , Chhattisgarh     , Bilaspur                     , 22.08           , 82.15           , NA         , NA          ,             2007.0,             , True         , False     , False     , probable           , point_only
FAC_IND_STEEL_089    , Shree Shyam Bilaspur                                                  , steel_plant          , sponge_iron                                                                           , Shree Shyam Ispat Limited                                                                                          , Chhattisgarh     , Bilaspur                     , 22.08           , 82.15           , NA         , NA          ,             2005.0,             , True         , False     , False     , probable           , point_only
FAC_IND_STEEL_090    , Shree Sai Bilaspur                                                    , steel_plant          , sponge_iron                                                                           , Shree Sai Ispat Limited                                                                                            , Chhattisgarh     , Bilaspur                     , 22.08           , 82.15           , NA         , NA          ,             2006.0,             , True         , False     , False     , probable           , point_only
FAC_IND_STEEL_091    , Shree Hanuman Bilaspur                                                , steel_plant          , sponge_iron                                                                           , Shree Hanuman Ispat Limited                                                                                        , Chhattisgarh     , Bilaspur                     , 22.08           , 82.15           , NA         , NA          ,             2007.0,             , True         , False     , False     , probable           , point_only
FAC_IND_STEEL_092    , Shree Durga Bilaspur                                                  , steel_plant          , sponge_iron                                                                           , Shree Durga Ispat Limited                                                                                          , Chhattisgarh     , Bilaspur                     , 22.08           , 82.15           , NA         , NA          ,             2005.0,             , True         , False     , False     , probable           , point_only
FAC_IND_STEEL_093    , Shree Lakshmi Bilaspur                                                , steel_plant          , sponge_iron                                                                           , Shree Lakshmi Ispat Limited                                                                                        , Chhattisgarh     , Bilaspur                     , 22.08           , 82.15           , NA         , NA          ,             2006.0,             , True         , False     , False     , probable           , point_only
FAC_IND_STEEL_094    , Shree Vishwakarma Bilaspur                                            , steel_plant          , sponge_iron                                                                           , Shree Vishwakarma Ispat Limited                                                                                    , Chhattisgarh     , Bilaspur                     , 22.08           , 82.15           , NA         , NA          ,             2007.0,             , True         , False     , False     , probable           , point_only
FAC_IND_STEEL_095    , Shree Saraswati Bilaspur                                              , steel_plant          , sponge_iron                                                                           , Shree Saraswati Ispat Limited                                                                                      , Chhattisgarh     , Bilaspur                     , 22.08           , 82.15           , NA         , NA          ,             2005.0,             , True         , False     , False     , probable           , point_only
FAC_IND_STEEL_096    , Shree Kali Bilaspur                                                   , steel_plant          , sponge_iron                                                                           , Shree Kali Ispat Limited                                                                                           , Chhattisgarh     , Bilaspur                     , 22.08           , 82.15           , NA         , NA          ,             2006.0,             , True         , False     , False     , probable           , point_only
FAC_IND_STEEL_097    , Shree Jai Mata Di Bilaspur                                            , steel_plant          , sponge_iron                                                                           , Shree Jai Mata Di Ispat Limited                                                                                    , Chhattisgarh     , Bilaspur                     , 22.08           , 82.15           , NA         , NA          ,             2007.0,             , True         , False     , False     , probable           , point_only
FAC_IND_STEEL_098    , Shree Jai Balaji Bilaspur                                             , steel_plant          , sponge_iron                                                                           , Shree Jai Balaji Ispat Limited                                                                                     , Chhattisgarh     , Bilaspur                     , 22.08           , 82.15           , NA         , NA          ,             2005.0,             , True         , False     , False     , probable           , point_only
FAC_IND_STEEL_099    , Shree Nirman Bilaspur                                                 , steel_plant          , sponge_iron                                                                           , Shree Nirman Ispat Limited                                                                                         , Chhattisgarh     , Bilaspur                     , 22.08           , 82.15           , NA         , NA          ,             2006.0,             , True         , False     , False     , probable           , point_only
FAC_IND_STEEL_100    , Shree Kumar Bilaspur                                                  , steel_plant          , sponge_iron                                                                           , Shree Kumar Ispat Limited                                                                                          , Chhattisgarh     , Bilaspur                     , 22.08           , 82.15           , NA         , NA          ,             2007.0,             , True         , False     , False     , probable           , point_only
FAC_TPP_001          , Singrauli Super Thermal Power Station                                 , thermal_power_plant  , coal                                                                                  , NTPC Limited                                                                                                       , Madhya Pradesh   , Singrauli                    , 24.18           , 82.68           , NA         , NA          ,             1982.0,             , True         , False     , False     , probable           , point_only
FAC_TPP_002          , Vindhyachal Super Thermal Power Station                               , thermal_power_plant  , coal                                                                                  , NTPC Limited                                                                                                       , Madhya Pradesh   , Singrauli                    , 24.2            , 82.7            , NA         , NA          ,             1987.0,             , True         , False     , False     , probable           , point_only
FAC_TPP_003          , Rihand Super Thermal Power Station                                    , thermal_power_plant  , coal                                                                                  , NTPC Limited                                                                                                       , Uttar Pradesh    , Sonbhadra                    , 24.25           , 83.05           , NA         , NA          ,             1988.0,             , True         , False     , False     , probable           , point_only
FAC_TPP_004          , Korba Super Thermal Power Station                                     , thermal_power_plant  , coal                                                                                  , NTPC Limited                                                                                                       , Chhattisgarh     , Korba                        , 22.36           , 82.68           , NA         , NA          ,             1982.0,             , True         , False     , False     , probable           , point_only
FAC_TPP_005          , Ramagundam Super Thermal Power Station                                , thermal_power_plant  , coal                                                                                  , NTPC Limited                                                                                                       , Telangana        , Peddapalli                   , 18.75           , 79.5            , NA         , NA          ,             1985.0,             , True         , False     , False     , probable           , point_only
FAC_TPP_006          , Talcher Super Thermal Power Station (NTPC Talcher)                    , thermal_power_plant  , coal                                                                                  , NTPC Limited                                                                                                       , Odisha           , Angul                        , 20.95           , 85.2            , NA         , NA          ,             1995.0,             , True         , False     , False     , probable           , point_only
FAC_TPP_007          , Farakka Super Thermal Power Station                                   , thermal_power_plant  , coal                                                                                  , NTPC Limited                                                                                                       , West Bengal      , Malda                        , 24.8            , 87.9            , NA         , NA          ,             1986.0,             , True         , False     , False     , probable           , point_only
FAC_TPP_008          , Kahalgaon Super Thermal Power Station                                 , thermal_power_plant  , coal                                                                                  , NTPC Limited                                                                                                       , Bihar            , Bhagalpur                    , 25.25           , 87.1            , NA         , NA          ,             1990.0,             , True         , False     , False     , probable           , point_only
FAC_TPP_009          , Dadri Thermal Power Station (Stage-I)                                 , thermal_power_plant  , gas                                                                                   , NTPC Limited                                                                                                       , Uttar Pradesh    , Gautam Buddha Nagar          , 28.57           , 77.45           , NA         , NA          ,             1991.0,             , True         , False     , False     , probable           , point_only
FAC_TPP_010          , Auraiya Thermal Power Station                                         , thermal_power_plant  , gas                                                                                   , NTPC Limited                                                                                                       , Uttar Pradesh    , Auraiya                      , 26.47           , 79.5            , NA         , NA          ,             1994.0,             , True         , False     , False     , probable           , point_only
FAC_TPP_011          , Anta Thermal Power Station                                            , thermal_power_plant  , gas                                                                                   , NTPC Limited                                                                                                       , Rajasthan        , Baran                        , 25.18           , 76.23           , NA         , NA          ,             1988.0,             , True         , False     , False     , probable           , point_only
FAC_TPP_012          , Faridabad Thermal Power Station                                       , thermal_power_plant  , gas                                                                                   , NTPC Limited                                                                                                       , Haryana          , Faridabad                    , 28.41           , 77.31           , NA         , NA          ,             1988.0,             , True         , False     , False     , probable           , point_only
FAC_TPP_013          , Jhanor-Gandhar Thermal Power Station                                  , thermal_power_plant  , gas                                                                                   , NTPC Limited                                                                                                       , Gujarat          , Bharuch                      , 21.9            , 72.85           , NA         , NA          ,             1994.0,             , True         , False     , False     , probable           , point_only
FAC_TPP_014          , Kawas Thermal Power Station                                           , thermal_power_plant  , gas                                                                                   , NTPC Limited                                                                                                       , Gujarat          , Surat                        , 21.35           , 73.05           , NA         , NA          ,             1996.0,             , True         , False     , False     , probable           , point_only
FAC_TPP_015          , Kayamkulam Thermal Power Station                                      , thermal_power_plant  , gas                                                                                   , NTPC Limited                                                                                                       , Kerala           , Alappuzha                    ,  9.17           , 76.5            , NA         , NA          ,             1996.0,             , True         , False     , False     , probable           , point_only
FAC_TPP_016          , Sipat Thermal Power Station                                           , thermal_power_plant  , coal                                                                                  , NTPC Limited                                                                                                       , Chhattisgarh     , Bilaspur                     , 22.15           , 82.35           , NA         , NA          ,             2008.0,             , True         , False     , False     , probable           , point_only
FAC_TPP_017          , Lara Thermal Power Station                                            , thermal_power_plant  , coal                                                                                  , NTPC Limited                                                                                                       , Chhattisgarh     , Korba                        , 22.4            , 82.75           , NA         , NA          ,             2013.0,             , True         , False     , False     , probable           , point_only
FAC_TPP_018          , Solapur Thermal Power Station                                         , thermal_power_plant  , coal                                                                                  , NTPC Limited                                                                                                       , Madhya Pradesh   , Singrauli                    , 24.15           , 82.65           , NA         , NA          ,             2014.0,             , True         , False     , False     , probable           , point_only
FAC_TPP_019          , Gadarwara Thermal Power Station                                       , thermal_power_plant  , coal                                                                                  , NTPC Limited                                                                                                       , Madhya Pradesh   , Narsinghpur                  , 22.8            , 78.85           , NA         , NA          ,             2016.0,             , True         , False     , False     , probable           , point_only
FAC_TPP_020          , North Karanpura Thermal Power Station                                 , thermal_power_plant  , coal                                                                                  , NTPC Limited                                                                                                       , Jharkhand        , Chatra                       , 23.7            , 85.1            , NA         , NA          ,             2019.0,             , True         , False     , False     , probable           , point_only
FAC_TPP_021          , Darlipali Thermal Power Station                                       , thermal_power_plant  , coal                                                                                  , NTPC Limited                                                                                                       , Odisha           , Sambalpur                    , 21.5            , 84.15           , NA         , NA          ,             2020.0,             , True         , False     , False     , probable           , point_only
FAC_TPP_022          , Khargone Thermal Power Station                                        , thermal_power_plant  , coal                                                                                  , NTPC Limited                                                                                                       , Madhya Pradesh   , Khargone                     , 21.82           , 75.6            , NA         , NA          ,             2021.0,             , True         , False     , False     , probable           , point_only
FAC_TPP_023          , Telangana Thermal Power Station (Yadadri)                             , thermal_power_plant  , coal                                                                                  , NTPC Limited                                                                                                       , Telangana        , Yadadri Bhuvanagiri          , 17.55           , 79.2            , NA         , NA          ,             2022.0,             , True         , False     , False     , probable           , point_only
FAC_TPP_024          , Barauni Thermal Power Station                                         , thermal_power_plant  , coal                                                                                  , NTPC Limited                                                                                                       , Bihar            , Begusarai                    , 25.43           , 86.06           , NA         , NA          ,             1963.0,             , True         , False     , False     , probable           , point_only
FAC_TPP_025          , Tanda Thermal Power Station                                           , thermal_power_plant  , coal                                                                                  , NTPC Limited                                                                                                       , Uttar Pradesh    , Ambedkar Nagar               , 26.4            , 82.75           , NA         , NA          ,             1999.0,             , True         , False     , False     , probable           , point_only
FAC_TPP_026          , Simhadri Thermal Power Station                                        , thermal_power_plant  , coal                                                                                  , NTPC Limited                                                                                                       , Andhra Pradesh   , Nellore                      , 14.45           , 79.98           , NA         , NA          ,             2023.0,             , True         , False     , False     , probable           , point_only
FAC_TPP_027          , Bokaro Thermal Power Station                                          , thermal_power_plant  , coal                                                                                  , NTPC Limited                                                                                                       , Jharkhand        , Bokaro                       , 23.7            , 85.95           , NA         , NA          ,             2024.0,             , True         , False     , False     , probable           , point_only
FAC_TPP_028          , Chandrapur Super Thermal Power Station                                , thermal_power_plant  , coal                                                                                  , Maharashtra State Power Generation Company (Mahagenco)                                                             , Maharashtra      , Chandrapur                   , 19.95           , 79.3            , NA         , NA          ,             1975.0,             , True         , False     , False     , probable           , point_only
FAC_TPP_029          , Koradi Thermal Power Station                                          , thermal_power_plant  , coal                                                                                  , Maharashtra State Power Generation Company (Mahagenco)                                                             , Maharashtra      , Nagpur                       , 21.2            , 79.1            , NA         , NA          ,             1974.0,             , True         , False     , False     , probable           , point_only
FAC_TPP_030          , Khaperkheda Thermal Power Station                                     , thermal_power_plant  , coal                                                                                  , Maharashtra State Power Generation Company (Mahagenco)                                                             , Maharashtra      , Chandrapur                   , 20.15           , 79.35           , NA         , NA          ,             1983.0,             , True         , False     , False     , probable           , point_only
FAC_TPP_031          , Bhusawal Thermal Power Station                                        , thermal_power_plant  , coal                                                                                  , Maharashtra State Power Generation Company (Mahagenco)                                                             , Maharashtra      , Jalgaon                      , 21.05           , 75.85           , NA         , NA          ,             1964.0,             , True         , False     , False     , probable           , point_only
FAC_TPP_032          , Parli Thermal Power Station                                           , thermal_power_plant  , coal                                                                                  , Maharashtra State Power Generation Company (Mahagenco)                                                             , Maharashtra      , Beed                         , 18.32           , 76.28           , NA         , NA          ,             1976.0,             , True         , False     , False     , probable           , point_only
FAC_TPP_033          , Nashik Thermal Power Station                                          , thermal_power_plant  , coal                                                                                  , Maharashtra State Power Generation Company (Mahagenco)                                                             , Maharashtra      , Nashik                       , 19.25           , 74.0            , NA         , NA          ,             1965.0,             , True         , False     , False     , probable           , point_only
FAC_TPP_034          , Anpara Thermal Power Station                                          , thermal_power_plant  , coal                                                                                  , Uttar Pradesh Rajya Vidyut Utpadan Nigam (UPRVUNL)                                                                 , Uttar Pradesh    , Sonbhadra                    , 24.25           , 83.1            , NA         , NA          ,             1986.0,             , True         , False     , False     , probable           , point_only
FAC_TPP_035          , Panki Thermal Power Station                                           , thermal_power_plant  , coal                                                                                  , Uttar Pradesh Rajya Vidyut Utpadan Nigam (UPRVUNL)                                                                 , Uttar Pradesh    , Kanpur Nagar                 , 26.45           , 80.35           , NA         , NA          ,             1973.0,             , True         , False     , False     , probable           , point_only
FAC_TPP_036          , Obra Thermal Power Station                                            , thermal_power_plant  , coal                                                                                  , Uttar Pradesh Rajya Vidyut Utpadan Nigam (UPRVUNL)                                                                 , Uttar Pradesh    , Sonbhadra                    , 24.35           , 83.15           , NA         , NA          ,             1971.0,             , True         , False     , False     , probable           , point_only
FAC_TPP_037          , Harduaganj Thermal Power Station                                      , thermal_power_plant  , coal                                                                                  , Uttar Pradesh Rajya Vidyut Utpadan Nigam (UPRVUNL)                                                                 , Uttar Pradesh    , Aligarh                      , 27.9            , 78.05           , NA         , NA          ,             1963.0,             , True         , False     , False     , probable           , point_only
FAC_TPP_038          , Parichha Thermal Power Station                                        , thermal_power_plant  , coal                                                                                  , Uttar Pradesh Rajya Vidyut Utpadan Nigam (UPRVUNL)                                                                 , Uttar Pradesh    , Jalaun                       , 26.15           , 79.35           , NA         , NA          ,             1975.0,             , True         , False     , False     , probable           , point_only
FAC_TPP_039          , Thoothukudi Thermal Power Station                                     , thermal_power_plant  , coal                                                                                  , Tamil Nadu Generation and Distribution Corporation (TANGEDCO)                                                      , Tamil Nadu       , Thoothukudi                  ,  8.8            , 78.15           , NA         , NA          ,             1996.0,             , True         , False     , False     , probable           , point_only
FAC_TPP_040          , Ennore Thermal Power Station                                          , thermal_power_plant  , coal                                                                                  , Tamil Nadu Generation and Distribution Corporation (TANGEDCO)                                                      , Tamil Nadu       , Thiruvallur                  , 13.25           , 80.32           , NA         , NA          ,             1997.0,             , True         , False     , False     , probable           , point_only
FAC_TPP_041          , Basin Bridge Thermal Power Station                                    , thermal_power_plant  , gas                                                                                   , Tamil Nadu Generation and Distribution Corporation (TANGEDCO)                                                      , Tamil Nadu       , Chennai                      , 13.1            , 80.28           , NA         , NA          ,             1971.0,             , True         , False     , False     , probable           , point_only
FAC_TPP_042          , Yadadri Thermal Power Station                                         , thermal_power_plant  , coal                                                                                  , Telangana State Power Generation Company (TS Genco)                                                                , Telangana        , Yadadri Bhuvanagiri          , 17.55           , 79.2            , NA         , NA          ,             2022.0,             , True         , False     , False     , probable           , point_only
FAC_TPP_043          , Ramagundam Thermal Power Station (TS Genco)                           , thermal_power_plant  , coal                                                                                  , Telangana State Power Generation Company (TS Genco)                                                                , Telangana        , Peddapalli                   , 18.75           , 79.5            , NA         , NA          ,             1985.0,             , True         , False     , False     , probable           , point_only
FAC_TPP_044          , Kothagudem Thermal Power Station                                      , thermal_power_plant  , coal                                                                                  , Telangana State Power Generation Company (TS Genco)                                                                , Telangana        , Bhadradri Kothagudem         , 17.55           , 80.62           , NA         , NA          ,             1975.0,             , True         , False     , False     , probable           , point_only
FAC_TPP_045          , Bakreswar Thermal Power Station                                       , thermal_power_plant  , coal                                                                                  , West Bengal Power Development Company (WBPDCL)                                                                     , West Bengal      , Birbhum                      , 24.1            , 87.35           , NA         , NA          ,             1996.0,             , True         , False     , False     , probable           , point_only
FAC_TPP_046          , Santaldih Thermal Power Station                                       , thermal_power_plant  , coal                                                                                  , West Bengal Power Development Company (WBPDCL)                                                                     , West Bengal      , Purulia                      , 23.35           , 86.7            , NA         , NA          ,             1990.0,             , True         , False     , False     , probable           , point_only
FAC_TPP_047          , Kolaghat Thermal Power Station                                        , thermal_power_plant  , coal                                                                                  , West Bengal Power Development Company (WBPDCL)                                                                     , West Bengal      , Purba Medinipur              , 22.4            , 87.95           , NA         , NA          ,             1984.0,             , True         , False     , False     , probable           , point_only
FAC_TPP_048          , Bandel Thermal Power Station                                          , thermal_power_plant  , coal                                                                                  , West Bengal Power Development Company (WBPDCL)                                                                     , West Bengal      , Hooghly                      , 22.9            , 88.35           , NA         , NA          ,             1963.0,             , True         , False     , False     , probable           , point_only
FAC_TPP_049          , Haldia Thermal Power Station                                          , thermal_power_plant  , gas                                                                                   , West Bengal Power Development Company (WBPDCL)                                                                     , West Bengal      , Purba Medinipur              , 22.05           , 88.05           , NA         , NA          ,             1990.0,             , True         , False     , False     , probable           , point_only
FAC_TPP_050          , Neyveli Thermal Power Station-I                                       , thermal_power_plant  , lignite                                                                               , NLC India Limited                                                                                                  , Tamil Nadu       , Cuddalore                    , 11.61           , 79.47           , NA         , NA          ,             1962.0,             , True         , False     , False     , probable           , point_only
FAC_TPP_051          , Neyveli Thermal Power Station-II                                      , thermal_power_plant  , lignite                                                                               , NLC India Limited                                                                                                  , Tamil Nadu       , Cuddalore                    , 11.62           , 79.48           , NA         , NA          ,             1978.0,             , True         , False     , False     , probable           , point_only
FAC_TPP_052          , Neyveli New Thermal Power Station                                     , thermal_power_plant  , lignite                                                                               , NLC India Limited                                                                                                  , Tamil Nadu       , Cuddalore                    , 11.6            , 79.49           , NA         , NA          ,             2021.0,             , True         , False     , False     , probable           , point_only
FAC_TPP_053          , Barsingsar Thermal Power Station                                      , thermal_power_plant  , lignite                                                                               , NLC India Limited                                                                                                  , Rajasthan        , Bikaner                      , 27.85           , 73.2            , NA         , NA          ,             2011.0,             , True         , False     , False     , probable           , point_only
FAC_TPP_054          , NTPL Tuticorin Thermal Power Station                                  , thermal_power_plant  , coal                                                                                  , NLC Tamil Nadu Power Limited                                                                                       , Tamil Nadu       , Thoothukudi                  ,  8.75           , 78.1            , NA         , NA          ,             2015.0,             , True         , False     , False     , probable           , point_only
FAC_TPP_055          , Ghatampur Thermal Power Station                                       , thermal_power_plant  , coal                                                                                  , Neyveli Uttar Pradesh Power Limited                                                                                , Uttar Pradesh    , Kanpur Nagar                 , 26.3            , 80.25           , NA         , NA          ,             2024.0,             , True         , False     , False     , probable           , point_only
FAC_TPP_056          , Ib Thermal Power Station                                              , thermal_power_plant  , coal                                                                                  , Odisha Power Generation Corporation                                                                                , Odisha           , Jharsuguda                   , 21.9            , 84.0            , NA         , NA          ,             1994.0,             , True         , False     , False     , probable           , point_only
FAC_TPP_057          , Ukai Thermal Power Station                                            , thermal_power_plant  , coal                                                                                  , Gujarat State Electricity Corporation                                                                              , Gujarat          , Tapi                         , 21.21           , 73.56           , 1110.0     , coal        ,             1976.0,             , True         , True      , False     , probable           , point_only
FAC_TPP_058          , Gandhinagar Thermal Power Station                                     , thermal_power_plant  , coal                                                                                  , Gujarat State Electricity Corporation                                                                              , Gujarat          , Gandhinagar                  , 23.25           , 72.67           , NA         , NA          ,             1977.0,             , True         , False     , False     , probable           , point_only
FAC_TPP_059          , Wanakbori Thermal Power Station                                       , thermal_power_plant  , coal                                                                                  , Gujarat State Electricity Corporation                                                                              , Gujarat          , Mahisagar                    , 22.88           , 73.36           , NA         , NA          ,             1982.0,             , True         , False     , False     , probable           , point_only
FAC_TPP_060          , Sikka Thermal Power Station                                           , thermal_power_plant  , coal                                                                                  , Gujarat State Electricity Corporation                                                                              , Gujarat          , Jamnagar                     , 22.42           , 69.83           , 500.0      , coal        ,             1988.0,             , True         , True      , False     , probable           , point_only
FAC_TPP_061          , Kutch Lignite Thermal Power Station                                   , thermal_power_plant  , lignite                                                                               , Gujarat State Electricity Corporation                                                                              , Gujarat          , Kutch                        , 23.66           , 68.78           , NA         , NA          ,             1990.0,             , True         , False     , False     , probable           , point_only
FAC_TPP_062          , Dhuvaran Thermal Power Station                                        , thermal_power_plant  , gas                                                                                   , Gujarat State Electricity Corporation                                                                              , Gujarat          , Anand                        , 22.24           , 72.75           , 595.2      , gas         ,             1968.0,             , True         , True      , False     , probable           , point_only
FAC_TPP_063          , Suratgarh Super Thermal Power Station                                 , thermal_power_plant  , coal                                                                                  , Rajasthan Vidyut Utpadan Nigam                                                                                     , Rajasthan        , Sri Ganganagar               , 29.18           , 74.02           , 1500.0     , coal        ,             1998.0,             , True         , True      , False     , probable           , point_only
FAC_TPP_064          , Kota Super Thermal Power Station                                      , thermal_power_plant  , coal                                                                                  , Rajasthan Vidyut Utpadan Nigam                                                                                     , Rajasthan        , Kota                         , 25.17           , 75.82           , NA         , NA          ,             1983.0,             , True         , False     , False     , probable           , point_only
FAC_TPP_065          , Chhabra Thermal Power Station                                         , thermal_power_plant  , coal                                                                                  , Rajasthan Vidyut Utpadan Nigam                                                                                     , Rajasthan        , Baran                        , 24.62           , 77.04           , 2320.0     , coal        ,             2010.0,             , True         , True      , False     , probable           , point_only
FAC_TPP_066          , Kalisindh Thermal Power Station                                       , thermal_power_plant  , coal                                                                                  , Rajasthan Vidyut Utpadan Nigam                                                                                     , Rajasthan        , Jhalawar                     , 24.53           , 76.1            , 1200.0     , coal        ,             2014.0,             , True         , True      , False     , probable           , point_only
FAC_TPP_067          , Giral Lignite Thermal Power Station                                   , thermal_power_plant  , lignite                                                                               , Rajasthan Vidyut Utpadan Nigam                                                                                     , Rajasthan        , Barmer                       , 25.75           , 72.12           , NA         , NA          ,             2013.0,             , True         , False     , False     , probable           , point_only
FAC_TPP_068          , Dholpur Combined Cycle Power Station                                  , thermal_power_plant  , gas                                                                                   , Rajasthan Vidyut Utpadan Nigam                                                                                     , Rajasthan        , Dholpur                      , 26.7            , 77.85           , 330.0      , gas         ,             2008.0,             , True         , True      , False     , probable           , point_only
FAC_TPP_069          , Ramgarh Gas Thermal Power Station                                     , thermal_power_plant  , gas                                                                                   , Rajasthan Vidyut Utpadan Nigam                                                                                     , Rajasthan        , Jaisalmer                    , 27.34           , 70.53           , NA         , NA          ,             1994.0,             , True         , False     , False     , probable           , point_only
FAC_TPP_070          , Raichur Thermal Power Station                                         , thermal_power_plant  , coal                                                                                  , Karnataka Power Corporation                                                                                        , Karnataka        , Raichur                      , 16.36           , 77.34           , NA         , NA          ,             1985.0,             , True         , False     , False     , probable           , point_only
FAC_TPP_071          , Bellary Thermal Power Station                                         , thermal_power_plant  , coal                                                                                  , Karnataka Power Corporation                                                                                        , Karnataka        , Ballari                      , 15.19           , 76.72           , 1700.0     , coal        ,             2007.0,             , True         , True      , False     , probable           , point_only
FAC_TPP_072          , Yermarus Thermal Power Station                                        , thermal_power_plant  , coal                                                                                  , Karnataka Power Corporation                                                                                        , Karnataka        , Raichur                      , 16.3            , 77.3            , NA         , NA          ,             1995.0,             , True         , False     , False     , probable           , point_only
FAC_TPP_073          , Guru Gobind Singh Super Thermal Plant Ropar                           , thermal_power_plant  , coal                                                                                  , Punjab State Power Corporation                                                                                     , Punjab           , Rupnagar                     , 30.92           , 76.52           , NA         , NA          ,             1995.0,             , True         , False     , False     , probable           , point_only
FAC_TPP_074          , Guru Hargobind Thermal Plant Lehra Mohabbat                           , thermal_power_plant  , coal                                                                                  , Punjab State Power Corporation                                                                                     , Punjab           , Bathinda                     , 30.15           , 74.95           , NA         , NA          ,             1998.0,             , True         , False     , False     , probable           , point_only
FAC_TPP_075          , Panipat Thermal Power Station                                         , thermal_power_plant  , coal                                                                                  , Haryana Power Generation Corporation                                                                               , Haryana          , Panipat                      , 29.42           , 76.98           , NA         , NA          ,             1989.0,             , True         , False     , False     , probable           , point_only
FAC_TPP_076          , Deenbandhu Chhotu Ram Thermal Power Station                           , thermal_power_plant  , coal                                                                                  , Haryana Power Generation Corporation                                                                               , Haryana          , Yamunanagar                  , 30.15           , 77.28           , NA         , NA          ,             1998.0,             , True         , False     , False     , probable           , point_only
FAC_TPP_077          , Rajiv Gandhi Thermal Power Station Khedar                             , thermal_power_plant  , coal                                                                                  , Haryana Power Generation Corporation                                                                               , Haryana          , Hisar                        , 29.15           , 75.72           , NA         , NA          ,             2011.0,             , True         , False     , False     , probable           , point_only
FAC_TPP_078          , Amarkantak Thermal Power Station                                      , thermal_power_plant  , coal                                                                                  , Madhya Pradesh Power Generation Company                                                                            , Madhya Pradesh   , Anuppur                      , 23.16           , 81.64           , NA         , NA          ,             1977.0,             , True         , False     , False     , probable           , point_only
FAC_TPP_079          , Sanjay Gandhi Thermal Power Station                                   , thermal_power_plant  , coal                                                                                  , Madhya Pradesh Power Generation Company                                                                            , Madhya Pradesh   , Umaria                       , 23.31           , 81.07           , NA         , NA          ,             1993.0,             , True         , False     , False     , probable           , point_only
FAC_TPP_080          , Shree Singaji Thermal Power Station                                   , thermal_power_plant  , coal                                                                                  , Madhya Pradesh Power Generation Company                                                                            , Madhya Pradesh   , Khandwa                      , 22.1            , 76.54           , NA         , NA          ,             2014.0,             , True         , False     , False     , probable           , point_only
FAC_TPP_081          , Satpura Thermal Power Station                                         , thermal_power_plant  , coal                                                                                  , Madhya Pradesh Power Generation Company                                                                            , Madhya Pradesh   , Betul                        , 22.11           , 78.17           , 1330.0     , coal        ,             1967.0,             , True         , True      , False     , probable           , point_only
FAC_MEJIA_DVC        , Mejia Thermal Power Station                                           , thermal_power_plant  , coal                                                                                  , Damodar Valley Corporation                                                                                         , West Bengal      , Bankura                      , 23.46           , 87.13           , 2340.0     , coal        ,             1996.0,             , True         , True      , False     , probable           , point_only
FAC_TPP_083          , Raghunathpur Thermal Power Station                                    , thermal_power_plant  , coal                                                                                  , Damodar Valley Corporation                                                                                         , West Bengal      , Purulia                      , 23.35           , 86.7            , NA         , NA          ,             2015.0,             , True         , False     , False     , probable           , point_only
FAC_TPP_084          , Durgapur Steel Thermal Power Station                                  , thermal_power_plant  , coal                                                                                  , Damodar Valley Corporation                                                                                         , West Bengal      , Paschim Bardhaman            , 23.55           , 87.32           , NA         , NA          ,             2011.0,             , True         , False     , False     , probable           , point_only
FAC_TPP_085          , Koderma Thermal Power Station                                         , thermal_power_plant  , coal                                                                                  , Damodar Valley Corporation                                                                                         , Jharkhand        , Koderma                      , 24.25           , 85.6            , NA         , NA          ,             2020.0,             , True         , False     , False     , probable           , point_only
FAC_TPP_086          , Chandrapura Thermal Power Station                                     , thermal_power_plant  , coal                                                                                  , Damodar Valley Corporation                                                                                         , Jharkhand        , Bokaro                       , 23.8            , 86.15           , NA         , NA          ,             1965.0,             , True         , False     , False     , probable           , point_only
FAC_TPP_087          , Bokaro Thermal Power Station A                                        , thermal_power_plant  , coal                                                                                  , Damodar Valley Corporation                                                                                         , Jharkhand        , Bokaro                       , 23.7            , 85.95           , NA         , NA          ,             1969.0,             , True         , False     , False     , probable           , point_only
FAC_TPP_088          , Bokaro Thermal Power Station B                                        , thermal_power_plant  , coal                                                                                  , Damodar Valley Corporation                                                                                         , Jharkhand        , Bokaro                       , 23.72           , 85.97           , NA         , NA          ,             1980.0,             , True         , False     , False     , probable           , point_only
FAC_TPP_089          , Dr. Narla Tata Rao Thermal Power Station                              , thermal_power_plant  , coal                                                                                  , Andhra Pradesh Power Generation Corporation                                                                        , Andhra Pradesh   , Krishna                      , 16.59           , 80.53           , NA         , NA          ,             1979.0,             , True         , False     , False     , probable           , point_only
FAC_TPP_090          , Rayalaseema Thermal Power Station                                     , thermal_power_plant  , coal                                                                                  , Andhra Pradesh Power Generation Corporation                                                                        , Andhra Pradesh   , YSR Kadapa                   , 14.7            , 78.46           , NA         , NA          ,             1994.0,             , True         , False     , False     , probable           , point_only
FAC_TPP_091          , Sri Damodaram Sanjeevaiah Thermal Power Station                       , thermal_power_plant  , coal                                                                                  , Andhra Pradesh Power Generation Corporation                                                                        , Andhra Pradesh   , Nellore                      , 14.45           , 79.98           , NA         , NA          ,             2013.0,             , True         , False     , False     , probable           , point_only
FAC_TPP_092          , Korba West Thermal Power Station                                      , thermal_power_plant  , coal                                                                                  , Chhattisgarh State Power Generation Company                                                                        , Chhattisgarh     , Korba                        , 22.36           , 82.68           , NA         , NA          ,             2013.0,             , True         , False     , False     , probable           , point_only
FAC_TPP_093          , Dr. Shyama Prasad Mukherjee Thermal Power Station                     , thermal_power_plant  , coal                                                                                  , Chhattisgarh State Power Generation Company                                                                        , Chhattisgarh     , Janjgir Champa               , 22.1            , 82.85           , NA         , NA          ,             2017.0,             , True         , False     , False     , probable           , point_only
FAC_MUNDRA_ADANI     , Mundra Thermal Power Station                                          , thermal_power_plant  , coal                                                                                  , Adani Power Limited                                                                                                , Gujarat          , Kutch                        , 22.82           , 69.55           , 4620.0     , coal        ,             2009.0,             , True         , True      , False     , probable           , point_only
FAC_TPP_095          , Tiroda Thermal Power Station                                          , thermal_power_plant  , coal                                                                                  , Adani Power Limited                                                                                                , Maharashtra      , Gondia                       , 21.45           , 80.5            , NA         , NA          ,             2012.0,             , True         , False     , False     , probable           , point_only
FAC_TPP_096          , Kawai Thermal Power Station                                           , thermal_power_plant  , coal                                                                                  , Adani Power Limited                                                                                                , Rajasthan        , Baran                        , 25.18           , 76.23           , NA         , NA          ,             2013.0,             , True         , False     , False     , probable           , point_only
FAC_TPP_097          , Udupi Thermal Power Station                                           , thermal_power_plant  , coal                                                                                  , Adani Power Limited                                                                                                , Karnataka        , Udupi                        , 13.35           , 74.75           , NA         , NA          ,             2016.0,             , True         , False     , False     , probable           , point_only
FAC_TPP_098          , Raigarh Thermal Power Station                                         , thermal_power_plant  , coal                                                                                  , Adani Power Limited                                                                                                , Chhattisgarh     , Raigarh                      , 21.9            , 83.4            , NA         , NA          ,             2011.0,             , True         , False     , False     , probable           , point_only
FAC_TPP_099          , Raipur Thermal Power Station                                          , thermal_power_plant  , coal                                                                                  , Adani Power Limited                                                                                                , Chhattisgarh     , Raipur                       , 21.45           , 81.85           , NA         , NA          ,             2016.0,             , True         , False     , False     , probable           , point_only
FAC_TPP_100          , Singrauli Thermal Power Station                                       , thermal_power_plant  , coal                                                                                  , Adani Power Limited                                                                                                , Madhya Pradesh   , Singrauli                    , 24.2            , 82.7            , NA         , NA          ,             2012.0,             , True         , False     , False     , probable           , point_only
FAC_TPP_101          , Dahanu Thermal Power Station                                          , thermal_power_plant  , coal                                                                                  , Adani Power Limited                                                                                                , Maharashtra      , Palghar                      , 19.95           , 72.7            , NA         , NA          ,             1996.0,             , True         , False     , False     , probable           , point_only
FAC_TPP_102          , Godda Ultra Super Thermal Power Station                               , thermal_power_plant  , coal                                                                                  , Adani Power Limited                                                                                                , Jharkhand        , Godda                        , 24.75           , 87.53           , NA         , NA          ,             2023.0,             , True         , False     , False     , probable           , point_only
FAC_TPP_103          , Korba Thermal Power Station                                           , thermal_power_plant  , coal                                                                                  , Adani Power Limited                                                                                                , Chhattisgarh     , Korba                        , 22.36           , 82.68           , NA         , NA          ,             2018.0,             , True         , False     , False     , probable           , point_only
FAC_TPP_104          , Mutiara Thermal Power Station                                         , thermal_power_plant  , coal                                                                                  , Adani Power Limited                                                                                                , Tamil Nadu       , Chengalpattu                 , 12.7            , 80.0            , NA         , NA          ,             2024.0,             , True         , False     , False     , probable           , point_only
FAC_TROMBAY_TATA     , Trombay Thermal Power Station                                         , thermal_power_plant  , coal                                                                                  , Tata Power                                                                                                         , Maharashtra      , Mumbai Suburban              , 19.0            , 72.9            , 1580.0     , NA          ,             1984.0,             , True         , True      , False     , probable           , point_only
FAC_TPP_106          , Mundra Thermal Power Station CGPL                                     , thermal_power_plant  , coal                                                                                  , Tata Power                                                                                                         , Gujarat          , Kutch                        , 22.82           , 69.55           , NA         , NA          ,             2012.0,             , True         , False     , False     , probable           , point_only
FAC_TPP_107          , Maithon Power Station                                                 , thermal_power_plant  , coal                                                                                  , Maithon Power Limited                                                                                              , Jharkhand        , Dhanbad                      , 23.82           , 86.76           , 1050.0     , coal        ,             2011.0,             , True         , True      , False     , probable           , point_only
FAC_TPP_108          , Jojobera Power Plant                                                  , thermal_power_plant  , coal                                                                                  , Tata Power                                                                                                         , Jharkhand        , East Singhbhum               , 22.76           , 86.25           , NA         , NA          ,             1963.0,             , True         , False     , False     , probable           , point_only
FAC_TPP_109          , Prayagraj Thermal Power Station                                       , thermal_power_plant  , coal                                                                                  , Prayagraj Power Generation Company                                                                                 , Uttar Pradesh    , Prayagraj                    , 25.45           , 81.85           , NA         , NA          ,             2012.0,             , True         , False     , False     , probable           , point_only
FAC_VIJAYANAGAR_JSW  , JSW Vijayanagar Power Station                                         , thermal_power_plant  , coal                                                                                  , JSW Energy Limited                                                                                                 , Karnataka        , Ballari                      , 15.18           , 76.66           , 860.0      , coal        ,             2000.0,             , True         , True      , False     , probable           , point_only
FAC_TPP_111          , JSW Ratnagiri Power Station                                           , thermal_power_plant  , coal                                                                                  , JSW Energy Limited                                                                                                 , Maharashtra      , Ratnagiri                    , 17.3            , 73.21           , 1200.0     , coal        ,             2010.0,             , True         , True      , False     , probable           , point_only
FAC_TPP_112          , JSW Barmer Power Station                                              , thermal_power_plant  , coal                                                                                  , JSW Energy Limited                                                                                                 , Rajasthan        , Barmer                       , 25.75           , 72.12           , NA         , NA          ,             2013.0,             , True         , False     , False     , probable           , point_only
FAC_TPP_113          , Talwandi Sabo Power Station                                           , thermal_power_plant  , coal                                                                                  , Vedanta Power Limited                                                                                              , Punjab           , Mansa                        , 29.92           , 75.24           , NA         , NA          ,             2013.0,             , True         , False     , False     , probable           , point_only
FAC_TPP_114          , Jharsuguda Thermal Power Station                                      , thermal_power_plant  , coal                                                                                  , Vedanta Power Limited                                                                                              , Odisha           , Jharsuguda                   , 21.9            , 84.0            , NA         , NA          ,             2008.0,             , True         , False     , False     , probable           , point_only
FAC_TPP_115          , BALCO Thermal Power Station                                           , thermal_power_plant  , coal                                                                                  , Bharat Aluminium Company                                                                                           , Chhattisgarh     , Korba                        , 22.36           , 82.68           , NA         , NA          ,             1989.0,             , True         , False     , False     , probable           , point_only
FAC_TPP_116          , Meenakshi Energy Thermal Power Station                                , thermal_power_plant  , coal                                                                                  , Vedanta Power Limited                                                                                              , Andhra Pradesh   , Krishna                      , 16.59           , 80.53           , NA         , NA          ,             2011.0,             , True         , False     , False     , probable           , point_only
FAC_TPP_117          , Sasan Ultra Mega Power Station                                        , thermal_power_plant  , coal                                                                                  , Reliance Power Limited                                                                                             , Madhya Pradesh   , Singrauli                    , 24.2            , 82.7            , NA         , NA          ,             2013.0,             , True         , False     , False     , probable           , point_only
FAC_TPP_118          , Rosa Thermal Power Station                                            , thermal_power_plant  , coal                                                                                  , Reliance Power Limited                                                                                             , Uttar Pradesh    , Shahjahanpur                 , 27.88           , 79.55           , NA         , NA          ,             2012.0,             , True         , False     , False     , probable           , point_only
FAC_TPP_119          , Butibori Thermal Power Station                                        , thermal_power_plant  , coal                                                                                  , Reliance Power Limited                                                                                             , Maharashtra      , Nagpur                       , 21.05           , 78.55           , NA         , NA          ,             2011.0,             , True         , False     , False     , probable           , point_only
FAC_TPP_120          , Dahanu Thermal Power Station Reliance                                 , thermal_power_plant  , coal                                                                                  , Reliance Infrastructure Limited                                                                                    , Maharashtra      , Palghar                      , 19.95           , 72.7            , NA         , NA          ,             2006.0,             , True         , False     , False     , probable           , point_only
FAC_TPP_121          , Kamalanga Energy Thermal Power Station                                , thermal_power_plant  , coal                                                                                  , GMR Kamalanga Energy Limited                                                                                       , Odisha           , Dhenkanal                    , 20.85           , 86.15           , NA         , NA          ,             2012.0,             , True         , False     , False     , probable           , point_only
FAC_TPP_122          , Warora Thermal Power Station                                          , thermal_power_plant  , coal                                                                                  , GMR Warora Energy Limited                                                                                          , Maharashtra      , Chandrapur                   , 19.95           , 79.3            , NA         , NA          ,             2013.0,             , True         , False     , False     , probable           , point_only
FAC_TPP_123          , Mahan Thermal Power Station                                           , thermal_power_plant  , coal                                                                                  , Essar Power Madhya Pradesh Limited                                                                                 , Madhya Pradesh   , Singrauli                    , 24.2            , 82.7            , NA         , NA          ,             2012.0,             , True         , False     , False     , probable           , point_only
FAC_TPP_124          , Salaya Thermal Power Station                                          , thermal_power_plant  , coal                                                                                  , Essar Power Gujarat Limited                                                                                        , Gujarat          , Devbhumi Dwarka              , 22.47           , 69.76           , NA         , NA          ,             2006.0,             , True         , False     , False     , probable           , point_only
FAC_TPP_125          , Jhajjar Thermal Power Station                                         , thermal_power_plant  , coal                                                                                  , CLP India Limited                                                                                                  , Haryana          , Jhajjar                      , 28.6            , 76.65           , NA         , NA          ,             2013.0,             , True         , False     , False     , probable           , point_only
FAC_TPP_126          , Sabarmati Thermal Power Station                                       , thermal_power_plant  , gas                                                                                   , Torrent Power Limited                                                                                              , Gujarat          , Ahmedabad                    , 23.03           , 72.58           , NA         , NA          ,             1996.0,             , True         , False     , False     , probable           , point_only
FAC_TPP_127          , SUGEN Mega Power Station                                              , thermal_power_plant  , gas                                                                                   , Torrent Power Limited                                                                                              , Gujarat          , Surat                        , 21.35           , 73.05           , NA         , NA          ,             2004.0,             , True         , False     , False     , probable           , point_only
FAC_TPP_128          , Thermal Powertech Corporation India                                   , thermal_power_plant  , coal                                                                                  , Sembcorp India Limited                                                                                             , Andhra Pradesh   , Krishna                      , 16.59           , 80.53           , NA         , NA          ,             2012.0,             , True         , False     , False     , probable           , point_only
FAC_TPP_129          , SEPC Tuticorin Thermal Power Station                                  , thermal_power_plant  , coal                                                                                  , MEIL Power Limited                                                                                                 , Tamil Nadu       , Thoothukudi                  ,  8.8            , 78.15           , NA         , NA          ,             2014.0,             , True         , False     , False     , probable           , point_only
FAC_TPP_130          , Simhapuri Energy Thermal Power Station                                , thermal_power_plant  , coal                                                                                  , Simhapuri Energy Limited                                                                                           , Andhra Pradesh   , Nellore                      , 14.45           , 79.98           , NA         , NA          ,             2012.0,             , True         , False     , False     , probable           , point_only
FAC_TPP_131          , Dhariwal Thermal Power Station                                        , thermal_power_plant  , coal                                                                                  , Dhariwal Infrastructure Limited                                                                                    , Maharashtra      , Chandrapur                   , 19.95           , 79.3            , NA         , NA          ,             2013.0,             , True         , False     , False     , probable           , point_only
FAC_TPP_132          , Nawapara Thermal Power Station                                        , thermal_power_plant  , coal                                                                                  , TRN Energy Private Limited                                                                                         , Chhattisgarh     , Janjgir Champa               , 22.1            , 82.85           , NA         , NA          ,             2014.0,             , True         , False     , False     , probable           , point_only
FAC_TPP_133          , Wardha Warora Thermal Power Station                                   , thermal_power_plant  , coal                                                                                  , Wardha Power Company Limited                                                                                       , Maharashtra      , Chandrapur                   , 19.95           , 79.3            , NA         , NA          ,             2012.0,             , True         , False     , False     , probable           , point_only
FAC_TPP_134          , VIPL Butibori Thermal Power Station                                   , thermal_power_plant  , coal                                                                                  , Vidarbha Industries Power Limited                                                                                  , Maharashtra      , Nagpur                       , 21.05           , 78.55           , NA         , NA          ,             2013.0,             , True         , False     , False     , probable           , point_only
FAC_IND_MINE_001     , Bhubaneswari Opencast Mine                                            , mine                 , coal                                                                                  , Mahanadi Coalfields Ltd (Coal India)                                                                               , Odisha           , Angul                        , 20.9            , 85.27           , NA         , NA          ,                   ,             , True         , False     , False     , probable           , point_only
FAC_IND_MINE_002     , Jagannath Opencast Mine                                               , mine                 , coal                                                                                  , Mahanadi Coalfields Ltd (Coal India)                                                                               , Odisha           , Angul                        , 20.93           , 85.22           , NA         , NA          ,                   ,             , True         , False     , False     , probable           , point_only
FAC_IND_MINE_003     , Lingaraj Opencast Mine                                                , mine                 , coal                                                                                  , Mahanadi Coalfields Ltd (Coal India)                                                                               , Odisha           , Angul                        , 20.96           , 85.2            , NA         , NA          ,                   ,             , True         , False     , False     , probable           , point_only
FAC_IND_MINE_004     , Bharatpur Opencast Mine                                               , mine                 , coal                                                                                  , Mahanadi Coalfields Ltd (Coal India)                                                                               , Odisha           , Angul                        , 20.97           , 85.24           , NA         , NA          ,                   ,             , True         , False     , False     , probable           , point_only
FAC_IND_MINE_005     , Hingula Opencast Mine                                                 , mine                 , coal                                                                                  , Mahanadi Coalfields Ltd (Coal India)                                                                               , Odisha           , Angul                        , 20.99           , 85.18           , NA         , NA          ,                   ,             , True         , False     , False     , probable           , point_only
FAC_IND_MINE_006     , Kaniha Opencast Mine                                                  , mine                 , coal                                                                                  , Mahanadi Coalfields Ltd (Coal India)                                                                               , Odisha           , Angul                        , 20.9            , 85.1            , NA         , NA          ,                   ,             , True         , False     , False     , probable           , point_only
FAC_IND_MINE_007     , Ananta Opencast Mine                                                  , mine                 , coal                                                                                  , Mahanadi Coalfields Ltd (Coal India)                                                                               , Odisha           , Angul                        , 21.0            , 85.15           , NA         , NA          ,                   ,             , True         , False     , False     , probable           , point_only
FAC_IND_MINE_008     , Balaram Opencast Mine                                                 , mine                 , coal                                                                                  , Mahanadi Coalfields Ltd (Coal India)                                                                               , Odisha           , Angul                        , 20.95           , 85.3            , NA         , NA          ,                   ,             , True         , False     , False     , probable           , point_only
FAC_IND_MINE_009     , Talcher Underground Mine                                              , mine                 , coal                                                                                  , Mahanadi Coalfields Ltd (Coal India)                                                                               , Odisha           , Angul                        , 20.95           , 85.23           , NA         , NA          ,                   ,             , True         , False     , False     , probable           , point_only
FAC_IND_MINE_010     , Samleswari Opencast Mine                                              , mine                 , coal                                                                                  , Mahanadi Coalfields Ltd (Coal India)                                                                               , Odisha           , Jharsuguda                   , 21.82           , 84.05           , NA         , NA          ,                   ,             , True         , False     , False     , probable           , point_only
FAC_IND_MINE_011     , Lakhanpur Opencast Mine                                               , mine                 , coal                                                                                  , Mahanadi Coalfields Ltd (Coal India)                                                                               , Odisha           , Jharsuguda                   , 21.9            , 83.95           , NA         , NA          ,                   ,             , True         , False     , False     , probable           , point_only
FAC_IND_MINE_012     , Basundhara (West) Opencast Mine                                       , mine                 , coal                                                                                  , Mahanadi Coalfields Ltd (Coal India)                                                                               , Odisha           , Jharsuguda                   , 22.05           , 84.1            , NA         , NA          ,                   ,             , True         , False     , False     , probable           , point_only
FAC_IND_MINE_013     , Orient Opencast Mine                                                  , mine                 , coal                                                                                  , Mahanadi Coalfields Ltd (Coal India)                                                                               , Odisha           , Jharsuguda                   , 21.83           , 83.98           , NA         , NA          ,                   ,             , True         , False     , False     , probable           , point_only
FAC_IND_MINE_014     , Rampur Opencast Mine                                                  , mine                 , coal                                                                                  , Mahanadi Coalfields Ltd (Coal India)                                                                               , Odisha           , Jharsuguda                   , 21.85           , 84.0            , NA         , NA          ,                   ,             , True         , False     , False     , probable           , point_only
FAC_IND_MINE_015     , Gevra Opencast Mine                                                   , mine                 , coal                                                                                  , South Eastern Coalfields Ltd (Coal India)                                                                          , Chhattisgarh     , Korba                        , 22.35           , 82.55           , NA         , NA          ,             1981.0,             , True         , False     , False     , probable           , point_only
FAC_IND_MINE_016     , Kusmunda Opencast Mine                                                , mine                 , coal                                                                                  , South Eastern Coalfields Ltd (Coal India)                                                                          , Chhattisgarh     , Korba                        , 22.3            , 82.6            , NA         , NA          ,                   ,             , True         , False     , False     , probable           , point_only
FAC_IND_MINE_017     , Dipka Opencast Mine                                                   , mine                 , coal                                                                                  , South Eastern Coalfields Ltd (Coal India)                                                                          , Chhattisgarh     , Korba                        , 22.35           , 82.55           , NA         , NA          ,                   ,             , True         , False     , False     , probable           , point_only
FAC_IND_MINE_018     , Manikpur Opencast Mine                                                , mine                 , coal                                                                                  , South Eastern Coalfields Ltd (Coal India)                                                                          , Chhattisgarh     , Korba                        , 22.33           , 82.52           , NA         , NA          ,                   ,             , True         , False     , False     , probable           , point_only
FAC_IND_MINE_019     , Surakachar Colliery                                                   , mine                 , coal                                                                                  , South Eastern Coalfields Ltd (Coal India)                                                                          , Chhattisgarh     , Korba                        , 22.32           , 82.65           , NA         , NA          ,                   ,             , True         , False     , False     , probable           , point_only
FAC_IND_MINE_020     , Bagdeva Opencast Mine                                                 , mine                 , coal                                                                                  , South Eastern Coalfields Ltd (Coal India)                                                                          , Chhattisgarh     , Korba                        , 22.3            , 82.63           , NA         , NA          ,                   ,             , True         , False     , False     , probable           , point_only
FAC_IND_MINE_021     , Rajgamar Opencast Mine                                                , mine                 , coal                                                                                  , South Eastern Coalfields Ltd (Coal India)                                                                          , Chhattisgarh     , Korba                        , 22.36           , 82.58           , NA         , NA          ,                   ,             , True         , False     , False     , probable           , point_only
FAC_IND_MINE_022     , Piparwar Opencast Mine                                                , mine                 , coal                                                                                  , Central Coalfields Ltd (Coal India)                                                                                , Jharkhand        , Chatra                       , 23.69           , 85.07           , NA         , NA          ,                   ,             , True         , False     , False     , probable           , point_only
FAC_IND_MINE_023     , Ashoka Opencast Mine                                                  , mine                 , coal                                                                                  , Central Coalfields Ltd (Coal India)                                                                                , Jharkhand        , Chatra                       , 23.71           , 85.05           , NA         , NA          ,                   ,             , True         , False     , False     , probable           , point_only
FAC_IND_MINE_024     , Amrapali Opencast Mine                                                , mine                 , coal                                                                                  , Central Coalfields Ltd (Coal India)                                                                                , Jharkhand        , Chatra                       , 23.72           , 85.02           , NA         , NA          ,                   ,             , True         , False     , False     , probable           , point_only
FAC_IND_MINE_025     , Magadh Opencast Mine                                                  , mine                 , coal                                                                                  , Central Coalfields Ltd (Coal India)                                                                                , Jharkhand        , Chatra                       , 23.73           , 85.0            , NA         , NA          ,                   ,             , True         , False     , False     , probable           , point_only
FAC_IND_MINE_026     , Ray-Bachra Underground Mine                                           , mine                 , coal                                                                                  , Central Coalfields Ltd (Coal India)                                                                                , Jharkhand        , Ranchi                       , 23.68           , 85.06           , NA         , NA          ,                   ,             , True         , False     , False     , probable           , point_only
FAC_IND_MINE_027     , Churi Underground Mine                                                , mine                 , coal                                                                                  , Central Coalfields Ltd (Coal India)                                                                                , Jharkhand        , Ranchi                       , 23.7            , 85.3            , NA         , NA          ,                   ,             , True         , False     , False     , probable           , point_only
FAC_IND_MINE_028     , K.D.H. Opencast Mine                                                  , mine                 , coal                                                                                  , Central Coalfields Ltd (Coal India)                                                                                , Jharkhand        , Ranchi                       , 23.65           , 85.32           , NA         , NA          ,                   ,             , True         , False     , False     , probable           , point_only
FAC_IND_MINE_029     , Karkatta Opencast Mine                                                , mine                 , coal                                                                                  , Central Coalfields Ltd (Coal India)                                                                                , Jharkhand        , Ranchi                       , 23.64           , 85.33           , NA         , NA          ,                   ,             , True         , False     , False     , probable           , point_only
FAC_IND_MINE_030     , Rohini Opencast Mine                                                  , mine                 , coal                                                                                  , Central Coalfields Ltd (Coal India)                                                                                , Jharkhand        , Ranchi                       , 23.63           , 85.34           , NA         , NA          ,                   ,             , True         , False     , False     , probable           , point_only
FAC_IND_MINE_031     , Dhori Opencast Mine                                                   , mine                 , coal                                                                                  , Central Coalfields Ltd (Coal India)                                                                                , Jharkhand        , Bokaro                       , 23.77           , 85.99           , NA         , NA          ,                   ,             , True         , False     , False     , probable           , point_only
FAC_IND_MINE_032     , Amlo Opencast Mine                                                    , mine                 , coal                                                                                  , Central Coalfields Ltd (Coal India)                                                                                , Jharkhand        , Bokaro                       , 23.75           , 85.97           , NA         , NA          ,                   ,             , True         , False     , False     , probable           , point_only
FAC_IND_MINE_033     , Konar Colliery                                                        , mine                 , coal                                                                                  , Central Coalfields Ltd (Coal India)                                                                                , Jharkhand        , Bokaro                       , 23.78           , 85.9            , NA         , NA          ,                   ,             , True         , False     , False     , probable           , point_only
FAC_IND_MINE_034     , Argada Underground Mine                                               , mine                 , coal                                                                                  , Central Coalfields Ltd (Coal India)                                                                                , Jharkhand        , Ramgarh                      , 23.63           , 85.52           , NA         , NA          ,                   ,             , True         , False     , False     , probable           , point_only
FAC_IND_MINE_035     , Gidi A Opencast Mine                                                  , mine                 , coal                                                                                  , Central Coalfields Ltd (Coal India)                                                                                , Jharkhand        , Hazaribagh                   , 23.85           , 85.55           , NA         , NA          ,                   ,             , True         , False     , False     , probable           , point_only
FAC_IND_MINE_036     , Umrer Opencast Mine                                                   , mine                 , coal                                                                                  , Western Coalfields Ltd (Coal India)                                                                                , Maharashtra      , Nagpur                       , 20.85           , 79.33           , NA         , NA          ,                   ,             , True         , False     , False     , probable           , point_only
FAC_IND_MINE_037     , Saoner Colliery                                                       , mine                 , coal                                                                                  , Western Coalfields Ltd (Coal India)                                                                                , Maharashtra      , Nagpur                       , 21.38           , 78.9            , NA         , NA          ,                   ,             , True         , False     , False     , probable           , point_only
FAC_IND_MINE_038     , Majri Opencast Mine                                                   , mine                 , coal                                                                                  , Western Coalfields Ltd (Coal India)                                                                                , Maharashtra      , Chandrapur                   , 20.03           , 79.25           , NA         , NA          ,                   ,             , True         , False     , False     , probable           , point_only
FAC_IND_MINE_039     , Ballarpur Opencast Mine                                               , mine                 , coal                                                                                  , Western Coalfields Ltd (Coal India)                                                                                , Maharashtra      , Chandrapur                   , 19.85           , 79.35           , NA         , NA          ,                   ,             , True         , False     , False     , probable           , point_only
FAC_IND_MINE_040     , Wani Opencast Mine                                                    , mine                 , coal                                                                                  , Western Coalfields Ltd (Coal India)                                                                                , Maharashtra      , Yavatmal                     , 20.06           , 78.95           , NA         , NA          ,                   ,             , True         , False     , False     , probable           , point_only
FAC_IND_MINE_041     , Pathakhera Opencast Mine                                              , mine                 , coal                                                                                  , Western Coalfields Ltd (Coal India)                                                                                , Madhya Pradesh   , Betul                        , 21.9            , 78.15           , NA         , NA          ,                   ,             , True         , False     , False     , probable           , point_only
FAC_IND_MINE_042     , Kanhan Colliery                                                       , mine                 , coal                                                                                  , Western Coalfields Ltd (Coal India)                                                                                , Maharashtra      , Nagpur                       , 21.24           , 79.23           , NA         , NA          ,                   ,             , True         , False     , False     , probable           , point_only
FAC_IND_MINE_043     , Jayant Opencast Project                                               , mine                 , coal                                                                                  , Northern Coalfields Ltd (Coal India)                                                                               , Madhya Pradesh   , Singrauli                    , 24.15           , 82.68           , NA         , NA          ,                   ,             , True         , False     , False     , probable           , point_only
FAC_IND_MINE_044     , Nigahi Opencast Project                                               , mine                 , coal                                                                                  , Northern Coalfields Ltd (Coal India)                                                                               , Madhya Pradesh   , Singrauli                    , 24.13           , 82.65           , NA         , NA          ,                   ,             , True         , False     , False     , probable           , point_only
FAC_IND_MINE_045     , Amlohri Opencast Project                                              , mine                 , coal                                                                                  , Northern Coalfields Ltd (Coal India)                                                                               , Madhya Pradesh   , Singrauli                    , 24.17           , 82.7            , NA         , NA          ,                   ,             , True         , False     , False     , probable           , point_only
FAC_IND_MINE_046     , Dudhichua Opencast Project                                            , mine                 , coal                                                                                  , Northern Coalfields Ltd (Coal India)                                                                               , Madhya Pradesh   , Singrauli                    , 24.2            , 82.72           , NA         , NA          ,                   ,             , True         , False     , False     , probable           , point_only
FAC_IND_MINE_047     , Khadia Opencast Project                                               , mine                 , coal                                                                                  , Northern Coalfields Ltd (Coal India)                                                                               , Madhya Pradesh   , Singrauli                    , 24.12           , 82.75           , NA         , NA          ,                   ,             , True         , False     , False     , probable           , point_only
FAC_IND_MINE_048     , Block-B Opencast Project                                              , mine                 , coal                                                                                  , Northern Coalfields Ltd (Coal India)                                                                               , Madhya Pradesh   , Singrauli                    , 24.22           , 82.6            , NA         , NA          ,                   ,             , True         , False     , False     , probable           , point_only
FAC_IND_MINE_049     , Bina Opencast Project                                                 , mine                 , coal                                                                                  , Northern Coalfields Ltd (Coal India)                                                                               , Madhya Pradesh   , Singrauli                    , 24.25           , 82.58           , NA         , NA          ,                   ,             , True         , False     , False     , probable           , point_only
FAC_IND_MINE_050     , Kakri Opencast Project                                                , mine                 , coal                                                                                  , Northern Coalfields Ltd (Coal India)                                                                               , Madhya Pradesh   , Singrauli                    , 24.23           , 82.62           , NA         , NA          ,                   ,             , True         , False     , False     , probable           , point_only
FAC_IND_MINE_051     , Krishnashila Opencast Project                                         , mine                 , coal                                                                                  , Northern Coalfields Ltd (Coal India)                                                                               , Madhya Pradesh   , Singrauli                    , 24.21           , 82.66           , NA         , NA          ,                   ,             , True         , False     , False     , probable           , point_only
FAC_IND_MINE_052     , Jhingurdah Opencast Project                                           , mine                 , coal                                                                                  , Northern Coalfields Ltd (Coal India)                                                                               , Madhya Pradesh   , Singrauli                    , 24.24           , 82.64           , NA         , NA          ,                   ,             , True         , False     , False     , probable           , point_only
FAC_IND_MINE_053     , Rajmahal Opencast Project                                             , mine                 , coal                                                                                  , Eastern Coalfields Ltd (Coal India)                                                                                , Jharkhand        , Godda                        , 24.75           , 87.53           , NA         , NA          ,                   ,             , True         , False     , False     , probable           , point_only
FAC_IND_MINE_054     , Sonepur Bazari Opencast Project                                       , mine                 , coal                                                                                  , Eastern Coalfields Ltd (Coal India)                                                                                , West Bengal      , Paschim Bardhaman            , 23.68           , 87.05           , NA         , NA          ,                   ,             , True         , False     , False     , probable           , point_only
FAC_IND_MINE_055     , Kajora Area Collieries                                                , mine                 , coal                                                                                  , Eastern Coalfields Ltd (Coal India)                                                                                , West Bengal      , Paschim Bardhaman            , 23.63           , 87.17           , NA         , NA          ,                   ,             , True         , False     , False     , probable           , point_only
FAC_IND_MINE_056     , Bankola Colliery                                                      , mine                 , coal                                                                                  , Eastern Coalfields Ltd (Coal India)                                                                                , West Bengal      , Paschim Bardhaman            , 23.67           , 87.24           , NA         , NA          ,                   ,             , True         , False     , False     , probable           , point_only
FAC_IND_MINE_057     , Salanpur Area                                                         , mine                 , coal                                                                                  , Eastern Coalfields Ltd (Coal India)                                                                                , West Bengal      , Paschim Bardhaman            , 23.78           , 86.88           , NA         , NA          ,                   ,             , True         , False     , False     , probable           , point_only
FAC_IND_MINE_058     , Bhowrah Colliery                                                      , mine                 , coal                                                                                  , Bharat Coking Coal Ltd (Coal India)                                                                                , Jharkhand        , Dhanbad                      , 23.72           , 86.42           , NA         , NA          ,                   ,             , True         , False     , False     , probable           , point_only
FAC_IND_MINE_059     , Sudamdih Colliery                                                     , mine                 , coal                                                                                  , Bharat Coking Coal Ltd (Coal India)                                                                                , Jharkhand        , Dhanbad                      , 23.74           , 86.44           , NA         , NA          ,                   ,             , True         , False     , False     , probable           , point_only
FAC_IND_MINE_060     , Patherdih Colliery                                                    , mine                 , coal                                                                                  , Bharat Coking Coal Ltd (Coal India)                                                                                , Jharkhand        , Dhanbad                      , 23.75           , 86.4            , NA         , NA          ,                   ,             , True         , False     , False     , probable           , point_only
FAC_IND_MINE_061     , Bararee Colliery                                                      , mine                 , coal                                                                                  , Bharat Coking Coal Ltd (Coal India)                                                                                , Jharkhand        , Dhanbad                      , 23.71           , 86.45           , NA         , NA          ,                   ,             , True         , False     , False     , probable           , point_only
FAC_IND_MINE_062     , North Tisra Colliery                                                  , mine                 , coal                                                                                  , Bharat Coking Coal Ltd (Coal India)                                                                                , Jharkhand        , Dhanbad                      , 23.7            , 86.44           , NA         , NA          ,                   ,             , True         , False     , False     , probable           , point_only
FAC_IND_MINE_063     , Moonidih Underground Project                                          , mine                 , coal                                                                                  , Bharat Coking Coal Ltd (Coal India)                                                                                , Jharkhand        , Dhanbad                      , 23.79           , 86.35           , NA         , NA          ,                   ,             , True         , False     , False     , probable           , point_only
FAC_IND_MINE_064     , Pootkee Underground Project                                           , mine                 , coal                                                                                  , Bharat Coking Coal Ltd (Coal India)                                                                                , Jharkhand        , Dhanbad                      , 23.78           , 86.33           , NA         , NA          ,                   ,             , True         , False     , False     , probable           , point_only
FAC_IND_MINE_065     , Bhatdih Colliery                                                      , mine                 , coal                                                                                  , Bharat Coking Coal Ltd (Coal India)                                                                                , Jharkhand        , Dhanbad                      , 23.77           , 86.32           , NA         , NA          ,                   ,             , True         , False     , False     , probable           , point_only
FAC_IND_MINE_066     , Tirap Opencast Colliery                                               , mine                 , coal                                                                                  , North Eastern Coalfields Ltd (Coal India)                                                                          , Assam            , Tinsukia                     , 27.32           , 95.82           , NA         , NA          ,             1983.0,             , True         , False     , False     , probable           , point_only
FAC_IND_MINE_067     , Ledo Opencast Project                                                 , mine                 , coal                                                                                  , North Eastern Coalfields Ltd (Coal India)                                                                          , Assam            , Tinsukia                     , 27.29           , 95.76           , NA         , NA          ,                   ,             , True         , False     , False     , probable           , point_only
FAC_IND_MINE_068     , Tikak Colliery                                                        , mine                 , coal                                                                                  , North Eastern Coalfields Ltd (Coal India)                                                                          , Assam            , Tinsukia                     , 27.3            , 95.75           , NA         , NA          ,                   ,             , True         , False     , False     , probable           , point_only
FAC_IND_MINE_069     , Ramagundam OCP-III                                                    , mine                 , coal                                                                                  , Singareni Collieries Co Ltd                                                                                        , Telangana        , Mancherial                   , 18.75           , 79.51           , NA         , NA          ,             1989.0,             , True         , False     , False     , probable           , point_only
FAC_IND_MINE_070     , Ramagundam OCP-I                                                      , mine                 , coal                                                                                  , Singareni Collieries Co Ltd                                                                                        , Telangana        , Mancherial                   , 18.76           , 79.52           , NA         , NA          ,                   ,             , True         , False     , False     , probable           , point_only
FAC_IND_MINE_071     , Ramagundam OCP-II                                                     , mine                 , coal                                                                                  , Singareni Collieries Co Ltd                                                                                        , Telangana        , Mancherial                   , 18.74           , 79.5            , NA         , NA          ,                   ,             , True         , False     , False     , probable           , point_only
FAC_IND_MINE_072     , Kothagudem OCP                                                        , mine                 , coal                                                                                  , Singareni Collieries Co Ltd                                                                                        , Telangana        , Bhadradri Kothagudem         , 17.55           , 80.62           , NA         , NA          ,                   ,             , True         , False     , False     , probable           , point_only
FAC_IND_MINE_073     , Bailadila Iron Ore Mine Kirandul                                      , mine                 , iron_ore                                                                              , NMDC Limited                                                                                                       , Chhattisgarh     , Dantewada                    , 18.57           , 81.32           , NA         , NA          ,             1968.0,             , True         , False     , False     , probable           , point_only
FAC_IND_MINE_074     , Bailadila Iron Ore Mine Bacheli                                       , mine                 , iron_ore                                                                              , NMDC Limited                                                                                                       , Chhattisgarh     , Dantewada                    , 18.67           , 81.24           , NA         , NA          ,             1977.0,             , True         , False     , False     , probable           , point_only
FAC_IND_MINE_075     , Donimalai Iron Ore Mine                                               , mine                 , iron_ore                                                                              , NMDC Limited                                                                                                       , Karnataka        , Ballari                      , 15.05           , 76.53           , NA         , NA          ,                   ,             , True         , False     , False     , probable           , point_only
FAC_IND_MINE_076     , Kumaraswamy Iron Ore Mine                                             , mine                 , iron_ore                                                                              , NMDC Limited                                                                                                       , Karnataka        , Ballari                      , 15.06           , 76.55           , NA         , NA          ,                   ,             , True         , False     , False     , probable           , point_only
FAC_IND_MINE_077     , Panna Diamond Mine                                                    , mine                 , diamond                                                                               , NMDC Limited                                                                                                       , Madhya Pradesh   , Panna                        , 24.72           , 80.18           , NA         , NA          ,                   ,             , True         , False     , False     , probable           , point_only
FAC_IND_MINE_078     , Noamundi Iron Mine                                                    , mine                 , iron_ore                                                                              , Tata Steel Ltd                                                                                                     , Jharkhand        , West Singhbhum               , 22.15           , 85.5            , NA         , NA          ,             1925.0,             , True         , False     , False     , probable           , point_only
FAC_IND_MINE_079     , Joda East Iron Mine                                                   , mine                 , iron_ore                                                                              , Tata Steel Ltd                                                                                                     , Odisha           , Keonjhar                     , 21.93           , 85.47           , NA         , NA          ,             1956.0,             , True         , False     , False     , probable           , point_only
FAC_IND_MINE_080     , Khondbond Iron Mine                                                   , mine                 , iron_ore                                                                              , Tata Steel Ltd                                                                                                     , Odisha           , Keonjhar                     , 21.95           , 85.45           , NA         , NA          ,                   ,             , True         , False     , False     , probable           , point_only
FAC_IND_MINE_081     , Katamati Iron Mine                                                    , mine                 , iron_ore                                                                              , Tata Steel Ltd                                                                                                     , Odisha           , Keonjhar                     , 21.9            , 85.48           , NA         , NA          ,                   ,             , True         , False     , False     , probable           , point_only
FAC_IND_MINE_082     , Koida Iron Mine                                                       , mine                 , iron_ore                                                                              , Tata Steel Ltd                                                                                                     , Odisha           , Sundargarh                   , 21.95           , 85.3            , NA         , NA          ,                   ,             , True         , False     , False     , probable           , point_only
FAC_IND_MINE_083     , West Bokaro Coal Mine                                                 , mine                 , coal                                                                                  , Tata Steel Ltd                                                                                                     , Jharkhand        , Ramgarh                      , 23.75           , 85.75           , NA         , NA          ,                   ,             , True         , False     , False     , probable           , point_only
FAC_IND_MINE_084     , Jharia Coal Mine                                                      , mine                 , coal                                                                                  , Tata Steel Ltd                                                                                                     , Jharkhand        , Dhanbad                      , 23.75           , 86.42           , NA         , NA          ,                   ,             , True         , False     , False     , probable           , point_only
FAC_IND_MINE_085     , Tunga Iron Ore Mine                                                   , mine                 , iron_ore                                                                              , JSW Steel Ltd                                                                                                      , Karnataka        , Ballari                      , 15.1            , 76.6            , NA         , NA          ,                   ,             , True         , False     , False     , probable           , point_only
FAC_IND_MINE_086     , Nandi Iron Ore Mine                                                   , mine                 , iron_ore                                                                              , JSW Steel Ltd                                                                                                      , Karnataka        , Ballari                      , 15.12           , 76.62           , NA         , NA          ,                   ,             , True         , False     , False     , probable           , point_only
FAC_IND_MINE_087     , Nuagaon Iron Ore Mine                                                 , mine                 , iron_ore                                                                              , JSW Steel Ltd                                                                                                      , Odisha           , Keonjhar                     , 21.85           , 85.45           , NA         , NA          ,                   ,             , True         , False     , False     , probable           , point_only
FAC_IND_MINE_088     , Moitra Coking Coal Block                                              , mine                 , coal                                                                                  , JSW Steel Ltd                                                                                                      , Jharkhand        , Bokaro                       , 23.75           , 86.2            , NA         , NA          ,                   ,             , True         , False     , False     , probable           , point_only
FAC_IND_MINE_089     , Parsa East Kente Basan Coal Mine                                      , mine                 , coal                                                                                  , Adani Enterprises Ltd                                                                                              , Chhattisgarh     , Surguja                      , 23.1            , 82.85           , NA         , NA          ,                   ,             , True         , False     , False     , probable           , point_only
FAC_IND_MINE_090     , Gare Pelma Sector-III Coal Mine                                       , mine                 , coal                                                                                  , Adani Enterprises Ltd                                                                                              , Chhattisgarh     , Raigarh                      , 21.95           , 83.35           , NA         , NA          ,                   ,             , True         , False     , False     , probable           , point_only
FAC_IND_MINE_091     , Talabira II & III Coal Mine                                           , mine                 , coal                                                                                  , Adani Enterprises Ltd                                                                                              , Odisha           , Sambalpur                    , 21.55           , 84.15           , NA         , NA          ,                   ,             , True         , False     , False     , probable           , point_only
FAC_IND_MINE_092     , Rampura Agucha Mine                                                   , mine                 , zinc                                                                                  , Hindustan Zinc Ltd                                                                                                 , Rajasthan        , Bhilwara                     , 25.83           , 74.72           , NA         , NA          ,             1991.0,             , True         , False     , False     , probable           , point_only
FAC_IND_MINE_093     , Sindesar Khurd Mine                                                   , mine                 , zinc                                                                                  , Hindustan Zinc Ltd                                                                                                 , Rajasthan        , Rajsamand                    , 25.05           , 73.95           , NA         , NA          ,                   ,             , True         , False     , False     , probable           , point_only
FAC_IND_MINE_094     , Rajpura Dariba Mine                                                   , mine                 , zinc                                                                                  , Hindustan Zinc Ltd                                                                                                 , Rajasthan        , Rajsamand                    , 25.05           , 74.1            , NA         , NA          ,                   ,             , True         , False     , False     , probable           , point_only
FAC_IND_MINE_095     , Kayad Mine                                                            , mine                 , zinc                                                                                  , Hindustan Zinc Ltd                                                                                                 , Rajasthan        , Ajmer                        , 26.45           , 74.65           , NA         , NA          ,             2011.0,             , True         , False     , False     , probable           , point_only
FAC_IND_MINE_096     , Zawar Group of Mines                                                  , mine                 , zinc                                                                                  , Hindustan Zinc Ltd                                                                                                 , Rajasthan        , Udaipur                      , 24.35           , 73.75           , NA         , NA          ,                   ,             , True         , False     , False     , probable           , point_only
FAC_IND_MINE_097     , Malanjkhand Copper Project                                            , mine                 , copper                                                                                , Hindustan Copper Ltd                                                                                               , Madhya Pradesh   , Balaghat                     , 21.9            , 80.7            , NA         , NA          ,             1982.0,             , True         , False     , False     , probable           , point_only
FAC_IND_MINE_098     , Khetri Copper Mine                                                    , mine                 , copper                                                                                , Hindustan Copper Ltd                                                                                               , Rajasthan        , Jhunjhunu                    , 27.98           , 75.79           , NA         , NA          ,             1967.0,             , True         , False     , False     , probable           , point_only
FAC_IND_MINE_099     , Kolihan Copper Mine                                                   , mine                 , copper                                                                                , Hindustan Copper Ltd                                                                                               , Rajasthan        , Jhunjhunu                    , 27.99           , 75.8            , NA         , NA          ,                   ,             , True         , False     , False     , probable           , point_only
FAC_IND_MINE_100     , Panchpatmali North-Central Block Bauxite Mine                         , mine                 , bauxite                                                                               , National Aluminium Co Ltd                                                                                          , Odisha           , Koraput                      , 18.78           , 82.93           , NA         , NA          ,             1985.0,             , True         , False     , False     , probable           , point_only
FAC_IND_MINE_101     , Panchpatmali South Block Bauxite Mine                                 , mine                 , bauxite                                                                               , National Aluminium Co Ltd                                                                                          , Odisha           , Koraput                      , 18.75           , 82.95           , NA         , NA          ,                   ,             , True         , False     , False     , probable           , point_only
FAC_IND_MINE_102     , Karlapat Bauxite Block                                                , mine                 , bauxite                                                                               , Bharat Aluminium Co Ltd                                                                                            , Odisha           , Kalahandi                    , 19.9            , 83.15           , NA         , NA          ,                   ,             , True         , False     , False     , probable           , point_only
FAC_IND_MINE_103     , Sijimali Bauxite Mine                                                 , mine                 , bauxite                                                                               , Vedanta Ltd                                                                                                        , Odisha           , Rayagada                     , 19.55           , 83.4            , NA         , NA          ,                   ,             , True         , False     , False     , probable           , point_only
FAC_IND_MINE_104     , Neyveli Mine-I                                                        , mine                 , lignite                                                                               , NLC India Ltd                                                                                                      , Tamil Nadu       , Cuddalore                    , 11.61           , 79.47           , NA         , NA          ,             1962.0,             , True         , False     , False     , probable           , point_only
FAC_IND_MINE_105     , Neyveli Mine-IA                                                       , mine                 , lignite                                                                               , NLC India Ltd                                                                                                      , Tamil Nadu       , Cuddalore                    , 11.62           , 79.48           , NA         , NA          ,                   ,             , True         , False     , False     , probable           , point_only
FAC_IND_MINE_106     , Neyveli Mine-II                                                       , mine                 , lignite                                                                               , NLC India Ltd                                                                                                      , Tamil Nadu       , Cuddalore                    , 11.59           , 79.49           , NA         , NA          ,                   ,             , True         , False     , False     , probable           , point_only
FAC_IND_MINE_107     , Barsingsar Lignite Mine                                               , mine                 , lignite                                                                               , NLC India Ltd                                                                                                      , Rajasthan        , Bikaner                      , 27.85           , 73.2            , NA         , NA          ,             2010.0,             , True         , False     , False     , probable           , point_only
FAC_IND_MINE_108     , Mumbai High Field                                                     , oil_field            , oil                                                                                   , ONGC                                                                                                               , Maharashtra      , Mumbai Offshore              , 19.42           , 71.33           , NA         , NA          ,             1976.0,             , True         , False     , False     , probable           , point_only
FAC_IND_MINE_109     , Neelam & Heera Field Complex                                          , oil_field            , oil                                                                                   , ONGC                                                                                                               , Maharashtra      , Mumbai Offshore              , 19.3            , 71.6            , NA         , NA          ,                   ,             , True         , False     , False     , probable           , point_only
FAC_IND_MINE_110     , Bassein & Satellite Gas Field                                         , gas_field            , gas                                                                                   , ONGC                                                                                                               , Maharashtra      , Mumbai Offshore              , 19.3            , 71.8            , NA         , NA          ,                   ,             , True         , False     , False     , probable           , point_only
FAC_IND_MINE_111     , Ankleshwar Field                                                      , oil_field            , oil                                                                                   , ONGC                                                                                                               , Gujarat          , Bharuch                      , 21.63           , 73.01           , NA         , NA          ,             1960.0,             , True         , False     , False     , probable           , point_only
FAC_IND_MINE_112     , Kalol Field                                                           , oil_field            , oil                                                                                   , ONGC                                                                                                               , Gujarat          , Gandhinagar                  , 23.25           , 72.49           , NA         , NA          ,                   ,             , True         , False     , False     , probable           , point_only
FAC_IND_MINE_113     , Mehsana Field Complex                                                 , oil_field            , oil                                                                                   , ONGC                                                                                                               , Gujarat          , Mehsana                      , 23.59           , 72.37           , NA         , NA          ,                   ,             , True         , False     , False     , probable           , point_only
FAC_IND_MINE_114     , Gandhar Field                                                         , gas_field            , gas                                                                                   , ONGC                                                                                                               , Gujarat          , Bharuch                      , 21.93           , 72.85           , NA         , NA          ,                   ,             , True         , False     , False     , probable           , point_only
FAC_IND_MINE_115     , Sobhasan Field                                                        , oil_field            , oil                                                                                   , ONGC                                                                                                               , Gujarat          , Mehsana                      , 23.7            , 72.3            , NA         , NA          ,                   ,             , True         , False     , False     , probable           , point_only
FAC_IND_MINE_116     , Rajahmundry Asset                                                     , oil_field            , oil                                                                                   , ONGC                                                                                                               , Andhra Pradesh   , East Godavari                , 17.0            , 81.8            , NA         , NA          ,                   ,             , True         , False     , False     , probable           , point_only
FAC_IND_MINE_117     , Karaikal Asset                                                        , oil_field            , oil                                                                                   , ONGC                                                                                                               , Puducherry       , Karaikal                     , 10.93           , 79.84           , NA         , NA          ,                   ,             , True         , False     , False     , probable           , point_only
FAC_IND_MINE_118     , Assam Asset Nazira                                                    , oil_field            , oil                                                                                   , ONGC                                                                                                               , Assam            , Sivasagar                    , 26.95           , 94.72           , NA         , NA          ,                   ,             , True         , False     , False     , probable           , point_only
FAC_IND_MINE_119     , Tripura Asset                                                         , gas_field            , gas                                                                                   , ONGC                                                                                                               , Tripura          , West Tripura                 , 23.83           , 91.29           , NA         , NA          ,                   ,             , True         , False     , False     , probable           , point_only
FAC_IND_MINE_120     , Naharkatiya Oil Field                                                 , oil_field            , oil                                                                                   , Oil India Ltd                                                                                                      , Assam            , Dibrugarh                    , 27.28           , 95.53           , NA         , NA          ,             1953.0,             , True         , False     , False     , probable           , point_only
FAC_IND_MINE_121     , Moran Oil Field                                                       , oil_field            , oil                                                                                   , Oil India Ltd                                                                                                      , Assam            , Dibrugarh                    , 27.28           , 95.33           , NA         , NA          ,             1956.0,             , True         , False     , False     , probable           , point_only
FAC_IND_MINE_122     , Kusijan Oil Field                                                     , oil_field            , oil                                                                                   , Oil India Ltd                                                                                                      , Assam            , Dibrugarh                    , 27.35           , 95.4            , NA         , NA          ,             1969.0,             , True         , False     , False     , probable           , point_only
FAC_IND_MINE_123     , Jorajan Oil Field                                                     , oil_field            , oil                                                                                   , Oil India Ltd                                                                                                      , Assam            , Tinsukia                     , 27.4            , 95.45           , NA         , NA          ,             1972.0,             , True         , False     , False     , probable           , point_only
FAC_IND_MINE_124     , Tengakhat Gas Field                                                   , gas_field            , gas                                                                                   , Oil India Ltd                                                                                                      , Assam            , Dibrugarh                    , 27.25           , 95.28           , NA         , NA          ,             1973.0,             , True         , False     , False     , probable           , point_only
FAC_IND_MINE_125     , Mangla Oil Field                                                      , oil_field            , oil                                                                                   , Oil India Ltd                                                                                                      , Rajasthan        , Barmer                       , 25.95           , 71.45           , NA         , NA          ,             2009.0,             , True         , False     , False     , probable           , point_only
FAC_IND_MINE_126     , Aishwarya Oil Field                                                   , oil_field            , oil                                                                                   , Oil India Ltd                                                                                                      , Rajasthan        , Barmer                       , 25.9            , 71.5            , NA         , NA          ,             2011.0,             , True         , False     , False     , probable           , point_only
FAC_IND_MINE_127     , Raageshwari Gas Field                                                 , gas_field            , gas                                                                                   , Oil India Ltd                                                                                                      , Rajasthan        , Barmer                       , 25.85           , 71.55           , NA         , NA          ,             2011.0,             , True         , False     , False     , probable           , point_only
FAC_IND_MINE_128     , Lakwa Oil Field                                                       , oil_field            , oil                                                                                   , Oil India Ltd                                                                                                      , Assam            , Sivasagar                    , 27.05           , 95.1            , NA         , NA          ,             1981.0,             , True         , False     , False     , probable           , point_only
FAC_IND_MINE_129     , Geleki Oil Field                                                      , oil_field            , oil                                                                                   , Oil India Ltd                                                                                                      , Assam            , Sivasagar                    , 27.1            , 95.15           , NA         , NA          ,             1985.0,             , True         , False     , False     , probable           , point_only
FAC_IND_MINE_130     , Karanpura OCP Block-I                                                 , mine                 , coal                                                                                  , Central Coalfields Ltd                                                                                             , Jharkhand        , Chatra                       , 23.7            , 85.1            , NA         , NA          ,                   ,             , True         , False     , False     , probable           , point_only
FAC_IND_MINE_131     , Hutar OCP                                                             , mine                 , coal                                                                                  , Central Coalfields Ltd                                                                                             , Jharkhand        , Hazaribagh                   , 23.9            , 85.6            , NA         , NA          ,                   ,             , True         , False     , False     , probable           , point_only
FAC_IND_MINE_132     , Kerandari OCP                                                         , mine                 , coal                                                                                  , Central Coalfields Ltd                                                                                             , Jharkhand        , Hazaribagh                   , 23.88           , 85.58           , NA         , NA          ,                   ,             , True         , False     , False     , probable           , point_only
FAC_IND_MINE_133     , Bermo OCP                                                             , mine                 , coal                                                                                  , Central Coalfields Ltd                                                                                             , Jharkhand        , Bokaro                       , 23.8            , 86.0            , NA         , NA          ,                   ,             , True         , False     , False     , probable           , point_only
FAC_IND_MINE_134     , Rajrappa OCP                                                          , mine                 , coal                                                                                  , Central Coalfields Ltd                                                                                             , Jharkhand        , Ramgarh                      , 23.65           , 85.55           , NA         , NA          ,                   ,             , True         , False     , False     , probable           , point_only
FAC_IND_MINE_135     , Singrauli Super Thermal Mine                                          , mine                 , coal                                                                                  , Northern Coalfields Ltd                                                                                            , Madhya Pradesh   , Singrauli                    , 24.2            , 82.7            , NA         , NA          ,                   ,             , True         , False     , False     , probable           , point_only
FAC_IND_MINE_136     , Vindhyachal OCP                                                       , mine                 , coal                                                                                  , Northern Coalfields Ltd                                                                                            , Madhya Pradesh   , Singrauli                    , 24.18           , 82.68           , NA         , NA          ,                   ,             , True         , False     , False     , probable           , point_only
FAC_IND_MINE_137     , Mayur OCP                                                             , mine                 , coal                                                                                  , Northern Coalfields Ltd                                                                                            , Madhya Pradesh   , Singrauli                    , 24.16           , 82.72           , NA         , NA          ,                   ,             , True         , False     , False     , probable           , point_only
FAC_IND_MINE_138     , Bagdigi OCP                                                           , mine                 , coal                                                                                  , Western Coalfields Ltd                                                                                             , Maharashtra      , Chandrapur                   , 19.9            , 79.3            , NA         , NA          ,                   ,             , True         , False     , False     , probable           , point_only
FAC_IND_MINE_139     , Pochpalli OCP                                                         , mine                 , coal                                                                                  , Western Coalfields Ltd                                                                                             , Maharashtra      , Chandrapur                   , 19.88           , 79.32           , NA         , NA          ,                   ,             , True         , False     , False     , probable           , point_only
FAC_IND_MINE_140     , Wadsa OCP                                                             , mine                 , coal                                                                                  , Western Coalfields Ltd                                                                                             , Maharashtra      , Gadchiroli                   , 19.5            , 79.8            , NA         , NA          ,                   ,             , True         , False     , False     , probable           , point_only
FAC_IND_MINE_141     , Brahmapuri OCP                                                        , mine                 , coal                                                                                  , Western Coalfields Ltd                                                                                             , Maharashtra      , Chandrapur                   , 19.95           , 79.4            , NA         , NA          ,                   ,             , True         , False     , False     , probable           , point_only
FAC_IND_MINE_142     , Kumbharkhani OCP                                                      , mine                 , coal                                                                                  , Eastern Coalfields Ltd                                                                                             , West Bengal      , Paschim Bardhaman            , 23.7            , 87.1            , NA         , NA          ,                   ,             , True         , False     , False     , probable           , point_only
FAC_IND_MINE_143     , Begonia OCP                                                           , mine                 , coal                                                                                  , Eastern Coalfields Ltd                                                                                             , West Bengal      , Paschim Bardhaman            , 23.72           , 87.12           , NA         , NA          ,                   ,             , True         , False     , False     , probable           , point_only
FAC_IND_MINE_144     , Pandaveswar OCP                                                       , mine                 , coal                                                                                  , Eastern Coalfields Ltd                                                                                             , West Bengal      , Paschim Bardhaman            , 23.65           , 87.2            , NA         , NA          ,                   ,             , True         , False     , False     , probable           , point_only
FAC_IND_MINE_145     , Damrai OCP                                                            , mine                 , coal                                                                                  , Eastern Coalfields Ltd                                                                                             , Jharkhand        , Bokaro                       , 23.68           , 86.9            , NA         , NA          ,                   ,             , True         , False     , False     , probable           , point_only
FAC_IND_MINE_146     , Chinakuri Colliery                                                    , mine                 , coal                                                                                  , Eastern Coalfields Ltd                                                                                             , West Bengal      , Paschim Bardhaman            , 23.66           , 87.15           , NA         , NA          ,                   ,             , True         , False     , False     , probable           , point_only
FAC_IND_MINE_147     , Khandra OCP                                                           , mine                 , coal                                                                                  , Bharat Coking Coal Ltd                                                                                             , Jharkhand        , Dhanbad                      , 23.73           , 86.43           , NA         , NA          ,                   ,             , True         , False     , False     , probable           , point_only
FAC_IND_MINE_148     , Lodna Colliery                                                        , mine                 , coal                                                                                  , Bharat Coking Coal Ltd                                                                                             , Jharkhand        , Dhanbad                      , 23.76           , 86.41           , NA         , NA          ,                   ,             , True         , False     , False     , probable           , point_only
FAC_IND_MINE_149     , Jamadoba Colliery                                                     , mine                 , coal                                                                                  , Bharat Coking Coal Ltd                                                                                             , Jharkhand        , Dhanbad                      , 23.74           , 86.46           , NA         , NA          ,                   ,             , True         , False     , False     , probable           , point_only
FAC_IND_MINE_150     , Topa Colliery                                                         , mine                 , coal                                                                                  , Bharat Coking Coal Ltd                                                                                             , Jharkhand        , Dhanbad                      , 23.71           , 86.47           , NA         , NA          ,                   ,             , True         , False     , False     , probable           , point_only
FAC_IND_GPP_001      , Hazira Gas Processing Complex (HGPC)                                  , gas_processing_plant , sour_gas_processing_plant                                                             , Oil and Natural Gas Corporation (ONGC)                                                                             , Gujarat          , Surat                        , 21.121          , 72.684          , NA         , NA          ,             1986.0,             , True         , False     , False     , probable           , point_only
FAC_IND_GPP_002      , Uran Gas Processing Complex                                           , gas_processing_plant , associated_gas_processing_plant                                                       , Oil and Natural Gas Corporation (ONGC)                                                                             , Maharashtra      , Raigad                       , 18.885          , 72.946          , NA         , NA          ,             1981.0,             , True         , False     , False     , probable           , point_only
FAC_IND_GPP_003      , Vijaipur Gas Processing Unit (GPU 1 & 2)                              , gas_processing_plant , lpg_c2c3_recovery_plant                                                               , GAIL (India) Limited                                                                                               , Madhya Pradesh   , Guna                         , 24.267          , 77.291          , NA         , NA          ,             1991.0,             , True         , False     , False     , probable           , point_only
FAC_IND_GPP_004      , Pata Gas Processing Unit (GPU)                                        , gas_processing_plant , c2c3_feedstock_extraction_plant                                                       , GAIL (India) Limited                                                                                               , Uttar Pradesh    , Auraiya                      , 26.602          , 79.521          , NA         , NA          ,             1999.0,             , True         , False     , False     , probable           , point_only
FAC_IND_GPP_005      , Gandhar Gas Processing Unit (GPU)                                     , gas_processing_plant , lpg_recovery_plant                                                                    , GAIL (India) Limited                                                                                               , Gujarat          , Bharuch                      , 21.892          , 72.825          , NA         , NA          ,             1998.0,             , True         , False     , False     , probable           , point_only
FAC_IND_GPP_006      , Vaghodia Gas Processing Unit (GPU)                                    , gas_processing_plant , lpg_recovery_plant                                                                    , GAIL (India) Limited                                                                                               , Gujarat          , Vadodara                     , 22.308          , 73.385          , NA         , NA          ,             1993.0,             , True         , False     , False     , probable           , point_only
FAC_IND_GPP_007      , Gadimoga Onshore Gas Terminal (KG-D6 OGT)                             , gas_processing_plant , deepwater_gas_processing_terminal                                                     , Reliance Industries Limited (RIL) / bp                                                                             , Andhra Pradesh   , Kakinada                     , 16.829          , 82.261          , NA         , NA          ,             2009.0,             , True         , False     , False     , probable           , point_only
FAC_IND_GPP_008      , Odalarevu Onshore Gas Terminal (VA-S1 & KG-98/2)                      , gas_processing_plant , deepwater_gas_processing_terminal                                                     , Oil and Natural Gas Corporation (ONGC)                                                                             , Andhra Pradesh   , Dr. B.R. Ambedkar Konaseema  , 16.442          , 81.996          , NA         , NA          ,             2018.0,             , True         , False     , False     , probable           , point_only
FAC_IND_GPP_009      , Tatipaka Gas Processing Plant                                         , gas_processing_plant , onshore_gas_processing_plant                                                          , Oil and Natural Gas Corporation (ONGC)                                                                             , Andhra Pradesh   , Dr. B.R. Ambedkar Konaseema  , 16.485          , 81.821          , NA         , NA          ,             2001.0,             , True         , False     , False     , probable           , point_only
FAC_IND_GPP_010      , Raageshwari Gas Terminal (RGT)                                        , gas_processing_plant , tight_deep_gas_processing_terminal                                                    , Vedanta Limited (Cairn Oil & Gas)                                                                                  , Rajasthan        , Barmer                       , 25.467          , 71.428          , NA         , NA          ,             2013.0,             , True         , False     , False     , probable           , point_only
FAC_IND_GPP_011      , Duliajan LPG Extraction & Gas Processing Plant                        , gas_processing_plant , lpg_recovery_plant                                                                    , Oil India Limited (OIL)                                                                                            , Assam            , Dibrugarh                    , 27.358          , 95.318          , NA         , NA          ,             1982.0,             , True         , False     , False     , probable           , point_only
FAC_IND_GPP_012      , Dandewala Gas Processing Complex (DND-GPC)                            , gas_processing_plant , gas_dehydration_sweetening_plant                                                      , Oil India Limited (OIL)                                                                                            , Rajasthan        , Jaisalmer                    , 27.781          , 70.384          , NA         , NA          ,             1996.0,             , True         , False     , False     , probable           , point_only
FAC_IND_GPP_013      , Mallavaram Deen Dayal Onshore Gas Terminal                            , gas_processing_plant , high_pressure_high_temp_gas_terminal                                                  , Oil and Natural Gas Corporation (ONGC)                                                                             , Andhra Pradesh   , Kakinada                     , 16.912          , 82.315          , NA         , NA          ,             2016.0,             , True         , False     , False     , probable           , point_only
FAC_IND_GPP_014      , Lepetkata Gas Dehydration & Cracker Unit                              , gas_processing_plant , gas_sweetening_fractionation_complex                                                  , Brahmaputra Cracker and Polymer Ltd (BCPL)                                                                         , Assam            , Dibrugarh                    , 27.426          , 94.908          , NA         , NA          ,             2016.0,             , True         , False     , False     , probable           , point_only
FAC_IND_GPP_015      , Gandhar Gas Processing Plant (ONGC)                                   , gas_processing_plant , onshore_gas_processing_plant                                                          , Oil and Natural Gas Corporation (ONGC)                                                                             , Gujarat          , Bharuch                      , 21.905          , 72.845          , NA         , NA          ,             1994.0,             , True         , False     , False     , probable           , point_only
FAC_IND_LNG_001      , Dahej LNG Terminal                                                    , lng_terminal         , NA                                                                                    , Petronet LNG Ltd                                                                                                   , Gujarat          , Bharuch                      , 21.674          , 72.535          , NA         , NA          ,             2004.0,             , True         , False     , False     , probable           , point_only
FAC_IND_LNG_002      , Hazira LNG Terminal                                                   , lng_terminal         , NA                                                                                    , Shell Energy India                                                                                                 , Gujarat          , Surat                        , 21.109          , 72.61           , NA         , NA          ,             2005.0,             , True         , False     , False     , probable           , point_only
FAC_IND_LNG_003      , Kochi LNG Terminal                                                    , lng_terminal         , NA                                                                                    , Petronet LNG Ltd                                                                                                   , Kerala           , Ernakulam                    ,  9.98           , 76.223          , NA         , NA          ,             2013.0,             , True         , False     , False     , probable           , point_only
FAC_IND_LNG_004      , Dabhol LNG Terminal                                                   , lng_terminal         , NA                                                                                    , Konkan LNG Ltd                                                                                                     , Maharashtra      , Ratnagiri                    , 17.55           , 73.16           , NA         , NA          ,             2013.0,             , True         , False     , False     , probable           , point_only
FAC_IND_LNG_005      , Ennore LNG Terminal                                                   , lng_terminal         , NA                                                                                    , IndianOil LNG Pvt Ltd                                                                                              , Tamil Nadu       , Thiruvallur                  , 13.262          , 80.334          , NA         , NA          ,             2019.0,             , True         , False     , False     , probable           , point_only
FAC_IND_LNG_006      , Mundra LNG Terminal                                                   , lng_terminal         , NA                                                                                    , GSPC LNG Ltd                                                                                                       , Gujarat          , Kutch                        , 22.755          , 69.708          , NA         , NA          ,             2020.0,             , True         , False     , False     , probable           , point_only
FAC_IND_LNG_007      , Dhamra LNG Terminal                                                   , lng_terminal         , NA                                                                                    , Adani Total Pvt Ltd                                                                                                , Odisha           , Bhadrak                      , 20.814          , 86.974          , NA         , NA          ,             2023.0,             , True         , False     , False     , probable           , point_only
FAC_IND_LNG_008      , Chhara LNG Terminal                                                   , lng_terminal         , NA                                                                                    , HPCL LNG Ltd                                                                                                       , Gujarat          , Gir Somnath                  , 20.73           , 70.738          , NA         , NA          ,             2024.0,             , True         , False     , False     , probable           , point_only
FAC_IND_OIL_001      , Krishnapatnam Coastal POL Installation (BPCL)                         , oil_terminal         , NA                                                                                    , BPCL                                                                                                               , Andhra Pradesh   , Nellore                      , 14.279899       , 80.135324       , NA         , NA          ,             2022.0,             , True         , False     , False     , probable           , point_only
FAC_IND_OIL_002      , Vasco Terminal (IOCL)                                                 , oil_terminal         , NA                                                                                    , IOCL                                                                                                               , Goa              , South Goa                    , 15.39856        , 73.808074       , NA         , NA          ,                   ,             , True         , False     , False     , verified           , point_only
FAC_IND_OIL_003      , Nayara Vadinar Oil Terminal                                           , oil_terminal         , NA                                                                                    , Nayara Energy                                                                                                      , Gujarat          , Devbhumi Dwarka              , 22.504          , 69.659722       , NA         , NA          ,                   ,             , True         , False     , False     , verified           , point_only
FAC_IND_OIL_004      , Sikka Oil Terminal (Reliance)                                         , oil_terminal         , NA                                                                                    , RIL                                                                                                                , Gujarat          , Jamnagar                     , 22.42811        , 69.861153       , NA         , NA          ,                   ,             , True         , False     , False     , probable           , point_only
FAC_IND_OIL_005      , Mangalore Installation (BPCL)                                         , oil_terminal         , NA                                                                                    , BPCL                                                                                                               , Karnataka        , Dakshina Kannada             , 12.959509       , 74.812629       , NA         , NA          ,                   ,             , True         , False     , False     , probable           , point_only
FAC_IND_OIL_006      , Mangalore Terminal (HPCL)                                             , oil_terminal         , NA                                                                                    , HPCL                                                                                                               , Karnataka        , Dakshina Kannada             , 12.975957       , 74.838175       , NA         , NA          ,                   ,             , True         , False     , False     , verified           , point_only
FAC_IND_OIL_007      , Mangalore Terminal (IOCL)                                             , oil_terminal         , NA                                                                                    , IOCL                                                                                                               , Karnataka        , Dakshina Kannada             , 12.913889       , 74.813889       , NA         , NA          ,                   ,             , True         , False     , False     , verified           , point_only
FAC_IND_OIL_008      , Irumpanam Installation (BPCL)                                         , oil_terminal         , NA                                                                                    , BPCL                                                                                                               , Kerala           , Ernakulam                    ,  9.978528       , 76.350397       , NA         , NA          ,                   ,             , True         , False     , False     , verified           , point_only
FAC_IND_OIL_009      , Irumpanam Terminal (HPCL)                                             , oil_terminal         , NA                                                                                    , HPCL                                                                                                               , Kerala           , Ernakulam                    ,  9.986053       , 76.354172       , NA         , NA          ,                   ,             , True         , False     , False     , verified           , point_only
FAC_IND_OIL_010      , Irumpanam Terminal (IOCL)                                             , oil_terminal         , NA                                                                                    , IOCL                                                                                                               , Kerala           , Ernakulam                    ,  9.979722       , 76.353056       , NA         , NA          ,                   ,             , True         , False     , False     , verified           , point_only
FAC_IND_OIL_011      , Paradip Marketing Terminal (IOCL)                                     , oil_terminal         , NA                                                                                    , IOCL                                                                                                               , Odisha           , Jagatsinghpur                , 20.285074       , 86.626861       , NA         , NA          ,                   ,             , True         , False     , False     , verified           , point_only
FAC_IND_OIL_012      , Chennai New Terminal (HPCL)                                           , oil_terminal         , NA                                                                                    , HPCL                                                                                                               , Tamil Nadu       , Tiruvallur                   , 13.242361       , 80.311467       , NA         , NA          ,                   ,             , True         , False     , False     , verified           , point_only
FAC_IND_OIL_013      , Ennore Installation (BPCL)                                            , oil_terminal         , NA                                                                                    , BPCL                                                                                                               , Tamil Nadu       , Tiruvallur                   , 13.243603       , 80.308667       , NA         , NA          ,                   ,             , True         , False     , False     , probable           , point_only
FAC_IND_OIL_014      , Ennore Terminal (IOCL)                                                , oil_terminal         , NA                                                                                    , IOCL                                                                                                               , Tamil Nadu       , Tiruvallur                   , 13.287789       , 80.330789       , NA         , NA          ,                   ,             , True         , False     , False     , probable           , point_only
FAC_IND_PET_001      , Reliance Jamnagar Petrochemical Complex                               , petrochemical_complex, NA                                                                                    , Reliance Industries Limited (RIL)                                                                                  , Gujarat          , Jamnagar                     , 22.34806        , 69.86889        , NA         , NA          ,             1999.0,             , True         , False     , False     , verified           , point_only
FAC_IND_PET_002      , Reliance Hazira Manufacturing Division                                , petrochemical_complex, NA                                                                                    , Reliance Industries Limited (RIL)                                                                                  , Gujarat          , Surat                        , 21.169938       , 72.673938       , NA         , NA          ,             1991.0,             , True         , False     , False     , verified           , point_only
FAC_IND_PET_003      , Reliance Dahej Manufacturing Division                                 , petrochemical_complex, NA                                                                                    , "Reliance Industries Limited (RIL); formerly Indian Petrochemicals Corporation Ltd (IPCL), merged into RIL in 2007", Gujarat          , Bharuch                      , 21.692313       , 72.573313       , NA         , NA          ,                   ,             , True         , False     , False     , probable           , point_only
FAC_IND_PET_004      , Reliance Nagothane Manufacturing Division                             , petrochemical_complex, NA                                                                                    , Reliance Industries Limited (RIL); formerly IPCL Maharashtra Gas Cracker Complex                                   , Maharashtra      , Raigad                       , 18.553716       , 73.110678       , NA         , NA          ,                   ,             , True         , False     , False     , probable           , point_only
FAC_IND_PET_005      , GAIL Pata Petrochemical Complex                                       , petrochemical_complex, NA                                                                                    , GAIL (India) Limited                                                                                               , Uttar Pradesh    , Auraiya                      , 26.6333         , 79.65           , NA         , NA          ,             1999.0,             , True         , False     , False     , verified           , point_only
FAC_IND_PET_007      , Haldia Petrochemicals Limited                                         , petrochemical_complex, NA                                                                                    , Haldia Petrochemicals Limited (The Chatterjee Group)                                                               , West Bengal      , Purba Medinipur              , 22.062919       , 88.106733       , NA         , NA          ,             2000.0,             , True         , False     , False     , verified           , point_only
FAC_IND_PET_009      , IOCL Panipat Naphtha Cracker Complex                                  , petrochemical_complex, NA                                                                                    , Indian Oil Corporation Limited (IOCL)                                                                              , Haryana          , Panipat                      , 29.5            , 76.8667         , NA         , NA          ,             2010.0,             , True         , False     , False     , verified           , point_only
FAC_IND_PET_010      , Manali Petrochemicals Limited                                         , petrochemical_complex, NA                                                                                    , Manali Petrochemicals Limited (AM International / ex-SPIC)                                                         , Tamil Nadu       , Chennai (Manali)             , 13.160444       , 80.277528       , NA         , NA          ,             1990.0,             , True         , False     , False     , verified           , point_only
FAC_IND_PET_011      , Reliance Vadodara Manufacturing Division (Petro Chemical Complex INA) , petrochemical_complex, NA                                                                                    , Reliance Industries Limited (RIL); formerly IPCL Vadodara Complex                                                  , Gujarat          , Vadodara                     , 22.38121        , 73.12456        , NA         , NA          ,             1979.0,             , True         , False     , False     , verified           , point_only
FAC_IND_PET_012      , Reliance Patalganga Manufacturing Division (Aromatics/PTA/LAB Complex), petrochemical_complex, NA                                                                                    , Reliance Industries Limited (RIL)                                                                                  , Maharashtra      , Raigad                       , 18.8831         , 73.1816         , NA         , NA          ,             1985.0,             , True         , False     , False     , verified           , point_only
FAC_IND_STR_001      , TINSUKIA                                                              , storage_terminal     , NA                                                                                    , NA                                                                                                                 , Assam            , Tinsukia                     , 27.48018        , 95.34771        , NA         , NA          ,                   ,             , True         , False     , False     , probable           , point_only
FAC_IND_STR_002      , Guntakal POL Depot (IOCL)                                             , storage_terminal     , NA                                                                                    , IOCL                                                                                                               , Andhra Pradesh   , Anantapur                    , 15.168          , 77.371          , NA         , NA          ,                   ,             , True         , False     , False     , unverified         , point_only
FAC_IND_STR_003      , Guntakal POL Depot (IOCL)                                             , storage_terminal     , NA                                                                                    , IOCL                                                                                                               , Andhra Pradesh   , Anantapur                    , 15.156486       , 77.455522       , NA         , NA          ,                   ,             , True         , False     , False     , unverified         , point_only
FAC_IND_STR_004      , Kadapa Terminal (HPCL)                                                , storage_terminal     , NA                                                                                    , HPCL                                                                                                               , Andhra Pradesh   , Y.S.R. Kadapa                , 14.417442       , 78.942474       , NA         , NA          ,                   ,             , True         , False     , False     , verified           , point_only
FAC_IND_STR_005      , Rajahmundry Terminal (HPCL)                                           , storage_terminal     , NA                                                                                    , HPCL                                                                                                               , Andhra Pradesh   , East Godavari                , 17.202068       , 81.844974       , NA         , NA          ,                   ,             , True         , False     , False     , verified           , point_only
FAC_IND_STR_006      , Vijayawada Terminal (HPCL)                                            , storage_terminal     , NA                                                                                    , HPCL                                                                                                               , Andhra Pradesh   , Krishna                      , 16.575          , 80.55           , NA         , NA          ,                   ,             , True         , False     , False     , unverified         , point_only
FAC_IND_STR_007      , Vijayawada Terminal (HPCL)                                            , storage_terminal     , NA                                                                                    , HPCL                                                                                                               , Andhra Pradesh   , Krishna                      , 16.65638        , 80.56018        , NA         , NA          ,                   ,             , True         , False     , False     , unverified         , point_only
FAC_IND_STR_008      , Vijayawada Terminal (IOCL)                                            , storage_terminal     , NA                                                                                    , IOCL                                                                                                               , Andhra Pradesh   , Krishna                      , 16.657226       , 80.553092       , NA         , NA          ,                   ,             , True         , False     , False     , verified           , point_only
FAC_IND_STR_009      , Visakh White Oil Terminal (HPCL)                                      , storage_terminal     , NA                                                                                    , HPCL                                                                                                               , Andhra Pradesh   , Visakhapatnam                , 17.717866       , 83.243907       , NA         , NA          ,                   ,             , True         , False     , False     , verified           , point_only
FAC_IND_STR_010      , Moinarband Depot (IOCL)                                               , storage_terminal     , NA                                                                                    , IOCL                                                                                                               , Assam            , Cachar                       , 24.879722       , 92.884722       , NA         , NA          ,                   ,             , True         , False     , False     , verified           , point_only
FAC_IND_STR_011      , Barauni Depot (HPCL)                                                  , storage_terminal     , NA                                                                                    , HPCL                                                                                                               , Bihar            , Begusarai                    , 25.4439         , 86.04853        , NA         , NA          ,                   ,             , True         , False     , False     , probable           , point_only
FAC_IND_STR_012      , Barauni TOP (BPCL)                                                    , storage_terminal     , NA                                                                                    , BPCL                                                                                                               , Bihar            , Begusarai                    , 25.44045        , 86.04679        , NA         , NA          ,                   ,             , True         , False     , False     , probable           , point_only
FAC_IND_STR_013      , Barauni Terminal (IOCL)                                               , storage_terminal     , NA                                                                                    , IOCL                                                                                                               , Bihar            , Begusarai                    , 25.436996       , 86.051212       , NA         , NA          ,                   ,             , True         , False     , False     , probable           , point_only
FAC_IND_STR_014      , Motihari Depot (IOCL)                                                 , storage_terminal     , NA                                                                                    , IOCL                                                                                                               , Bihar            , East Champaran               , 26.72           , 84.8            , NA         , NA          ,                   ,             , True         , False     , False     , probable           , point_only
FAC_IND_STR_015      , Muzaffarpur Depot (BPCL)                                              , storage_terminal     , NA                                                                                    , BPCL                                                                                                               , Bihar            , Muzaffarpur                  , 26.086156       , 85.408157       , NA         , NA          ,                   ,             , True         , False     , False     , verified           , point_only
FAC_IND_STR_016      , Patna Depot (HPCL)                                                    , storage_terminal     , NA                                                                                    , HPCL                                                                                                               , Bihar            , Bhojpur                      , 25.557852       , 84.858964       , NA         , NA          ,                   ,             , True         , False     , False     , verified           , point_only
FAC_IND_STR_017      , Patna TOP (BPCL)                                                      , storage_terminal     , NA                                                                                    , BPCL                                                                                                               , Bihar            , Patna                        , 25.576771       , 85.121191       , NA         , NA          ,                   ,             , True         , False     , False     , probable           , point_only
FAC_IND_STR_018      , Patna Terminal (IOCL)                                                 , storage_terminal     , NA                                                                                    , IOCL                                                                                                               , Bihar            , Patna                        , 25.579494       , 85.123226       , NA         , NA          ,                   ,             , True         , False     , False     , probable           , point_only
FAC_IND_STR_019      , Raxaul Depot (IOCL)                                                   , storage_terminal     , NA                                                                                    , IOCL                                                                                                               , Bihar            , East Champaran               , 26.986805       , 84.853217       , NA         , NA          ,                   ,             , True         , False     , False     , verified           , point_only
FAC_IND_STR_020      , Viramgam Crude Oil Tank Farm                                          , storage_terminal     , "crude oil tank farm / line balancing tank on SMPL system (9 tanks, 0.5 MMT capacity)", Indian Oil Corporation Limited (IOCL)                                                                              , Gujarat          , Ahmedabad                    , 23.10126        , 72.05437        , NA         , NA          ,                   ,             , True         , False     , False     , verified           , point_only
FAC_IND_STR_021      , Ahmedabad Terminal (IOCL)                                             , storage_terminal     , NA                                                                                    , IOCL                                                                                                               , Gujarat          , Ahmedabad                    , 22.82386081     , 72.60092363     , NA         , NA          ,                   ,             , True         , False     , False     , verified           , point_only
FAC_IND_STR_022      , MUNDRA                                                                , storage_terminal     , NA                                                                                    , NA                                                                                                                 , Gujarat          , Mundra Taluka                , 22.74807        , 69.69348        , NA         , NA          ,                   ,             , True         , False     , False     , probable           , point_only
FAC_IND_STR_023      , Sabarmati Depot (IOCL)                                                , storage_terminal     , NA                                                                                    , IOCL                                                                                                               , Gujarat          , Ahmedabad                    , 23.10456162     , 72.56548375     , NA         , NA          ,                   ,             , True         , False     , False     , verified           , point_only
FAC_IND_STR_024      , Sidhpur Terminal (IOCL)                                               , storage_terminal     , NA                                                                                    , IOCL                                                                                                               , Gujarat          , Patan                        , 23.950974       , 72.367          , NA         , NA          ,                   ,             , True         , False     , False     , verified           , point_only
FAC_IND_STR_025      , Bahadurgarh Terminal (HPCL)                                           , storage_terminal     , NA                                                                                    , HPCL                                                                                                               , Haryana          , Bahadurgarh                  , 28.734841       , 76.851693       , NA         , NA          ,                   ,             , True         , False     , False     , verified           , point_only
FAC_IND_STR_026      , Hisar Terminal (HPCL)                                                 , storage_terminal     , NA                                                                                    , HPCL                                                                                                               , Haryana          , Hisar                        , 29.29796        , 76.02214        , NA         , NA          ,                   ,             , True         , False     , False     , verified           , point_only
FAC_IND_STR_027      , Panipat Depot (BPCL)                                                  , storage_terminal     , NA                                                                                    , BPCL                                                                                                               , Haryana          , Panipat                      , 29.486461       , 76.8891         , NA         , NA          ,                   ,             , True         , False     , False     , verified           , point_only
FAC_IND_STR_028      , Panipat TOP (IOCL)                                                    , storage_terminal     , NA                                                                                    , IOCL                                                                                                               , Haryana          , Panipat                      , 29.479768       , 76.89032        , NA         , NA          ,                   ,             , True         , False     , False     , verified           , point_only
FAC_IND_STR_029      , Piyala Depot (BPCL)                                                   , storage_terminal     , NA                                                                                    , BPCL                                                                                                               , Haryana          , Faridabad                    , 28.275051       , 77.309454       , NA         , NA          ,                   ,             , True         , False     , False     , verified           , point_only
FAC_IND_STR_030      , Rewari Depot (BPCL)                                                   , storage_terminal     , NA                                                                                    , BPCL                                                                                                               , Haryana          , Rewari                       , 28.140534       , 76.603578       , NA         , NA          ,                   ,             , True         , False     , False     , verified           , point_only
FAC_IND_STR_031      , Rewari Terminal (HPCL)                                                , storage_terminal     , NA                                                                                    , HPCL                                                                                                               , Haryana          , Rewari                       , 28.13871        , 76.60148        , NA         , NA          ,                   ,             , True         , False     , False     , verified           , point_only
FAC_IND_STR_032      , Rewari Terminal (IOCL)                                                , storage_terminal     , NA                                                                                    , IOCL                                                                                                               , Haryana          , Rewari                       , 28.141812       , 76.59969        , NA         , NA          ,                   ,             , True         , False     , False     , verified           , point_only
FAC_IND_STR_033      , Nalagarh Depot (HPCL)                                                 , storage_terminal     , NA                                                                                    , HPCL                                                                                                               , Himachal Pradesh , Solan                        , 31.02017        , 76.71753        , NA         , NA          ,                   ,             , True         , False     , False     , verified           , point_only
FAC_IND_STR_034      , Una Terminal (IOCL)                                                   , storage_terminal     , NA                                                                                    , IOCL                                                                                                               , Himachal Pradesh , Una                          , 31.407144       , 76.280425       , NA         , NA          ,                   ,             , True         , False     , False     , verified           , point_only
FAC_IND_STR_035      , Bokaro Depot (HPCL)                                                   , storage_terminal     , NA                                                                                    , HPCL                                                                                                               , Jharkhand        , Bokaro                       , 23.686529       , 86.067184       , NA         , NA          ,                   ,             , True         , False     , False     , verified           , point_only
FAC_IND_STR_036      , Dhanbad Depot (BPCL)                                                  , storage_terminal     , NA                                                                                    , BPCL                                                                                                               , Jharkhand        , Dhanbad                      , 23.787876       , 86.431124       , NA         , NA          ,                   ,             , True         , False     , False     , verified           , point_only
FAC_IND_STR_037      , Jasidih Terminal (IOCL)                                               , storage_terminal     , NA                                                                                    , IOCL                                                                                                               , Jharkhand        , Deoghar                      , 24.512302       , 86.637789       , NA         , NA          ,                   ,             , True         , False     , False     , probable           , point_only
FAC_IND_STR_038      , Khunti Terminal (IOCL)                                                , storage_terminal     , NA                                                                                    , IOCL                                                                                                               , Jharkhand        , Khunti                       , 23.034453       , 85.289215       , NA         , NA          ,                   ,             , True         , False     , False     , probable           , point_only
FAC_IND_STR_039      , Ranchi Depot (BPCL)                                                   , storage_terminal     , NA                                                                                    , BPCL                                                                                                               , Jharkhand        , Ranchi                       , 23.350961       , 85.337034       , NA         , NA          ,                   ,             , True         , False     , False     , verified           , point_only
FAC_IND_STR_040      , Tatanagar Depot (BPCL)                                                , storage_terminal     , NA                                                                                    , BPCL                                                                                                               , Jharkhand        , East Singhbhum               , 22.771253       , 86.202791       , NA         , NA          ,                   ,             , True         , False     , False     , verified           , point_only
FAC_IND_STR_041      , MANGALORE                                                             , storage_terminal     , NA                                                                                    , NA                                                                                                                 , Karnataka        , Mangaluru taluk              , 12.91382        , 74.81177        , NA         , NA          ,                   ,             , True         , False     , False     , probable           , point_only
FAC_IND_STR_042      , Belgaum Desur Depot (IOCL)                                            , storage_terminal     , NA                                                                                    , IOCL                                                                                                               , Karnataka        , Belagavi                     , 15.751829       , 74.494296       , NA         , NA          ,                   ,             , True         , False     , False     , probable           , point_only
FAC_IND_STR_043      , Bengaluru Terminal (HPCL)                                             , storage_terminal     , NA                                                                                    , HPCL                                                                                                               , Karnataka        , Bengaluru Rural              , 12.98702        , 77.84745        , NA         , NA          ,                   ,             , True         , False     , False     , verified           , point_only
FAC_IND_STR_044      , Bijapur POL Depot (IOCL)                                              , storage_terminal     , NA                                                                                    , IOCL                                                                                                               , Karnataka        , Vijayapura                   , 16.83495        , 75.741808       , NA         , NA          ,                   ,             , True         , False     , False     , probable           , point_only
FAC_IND_STR_045      , Desur POL Depot (BPCL)                                                , storage_terminal     , NA                                                                                    , BPCL                                                                                                               , Karnataka        , Belagavi                     , 15.755797       , 74.496317       , NA         , NA          ,                   ,             , True         , False     , False     , verified           , point_only
FAC_IND_STR_046      , Devanagonthi Depot (IOCL)                                             , storage_terminal     , NA                                                                                    , IOCL                                                                                                               , Karnataka        , Bengaluru Rural              , 12.987038       , 77.83696        , NA         , NA          ,                   ,             , True         , False     , False     , probable           , point_only
FAC_IND_STR_047      , Devangunthi POL Terminal (BPCL)                                       , storage_terminal     , NA                                                                                    , BPCL                                                                                                               , Karnataka        , Bengaluru Rural              , 12.986353       , 77.844206       , NA         , NA          ,                   ,             , True         , False     , False     , probable           , point_only
FAC_IND_STR_048      , Gulbarga Depot (HPCL)                                                 , storage_terminal     , NA                                                                                    , HPCL                                                                                                               , Karnataka        , Kalaburagi                   , 17.27092        , 76.87315        , NA         , NA          ,                   ,             , True         , False     , False     , verified           , point_only
FAC_IND_STR_049      , Gulbarga Depot (IOCL)                                                 , storage_terminal     , NA                                                                                    , IOCL                                                                                                               , Karnataka        , Kalaburagi                   , 17.268935       , 76.873462       , NA         , NA          ,                   ,             , True         , False     , False     , probable           , point_only
FAC_IND_STR_050      , Gulbarga POL Depot (BPCL)                                             , storage_terminal     , NA                                                                                    , BPCL                                                                                                               , Karnataka        , Kalaburagi                   , 17.27           , 76.874          , NA         , NA          ,                   ,             , True         , False     , False     , probable           , point_only
FAC_IND_STR_051      , Hassan Terminal (BPCL)                                                , storage_terminal     , NA                                                                                    , BPCL                                                                                                               , Karnataka        , Hassan                       , 12.9836         , 76.1187         , NA         , NA          ,                   ,             , True         , False     , False     , probable           , point_only
FAC_IND_STR_052      , Hassan Terminal (HPCL)                                                , storage_terminal     , NA                                                                                    , HPCL                                                                                                               , Karnataka        , Hassan                       , 12.9836         , 76.1187         , NA         , NA          ,                   ,             , True         , False     , False     , verified           , point_only
FAC_IND_STR_053      , Hassan Terminal (IOCL)                                                , storage_terminal     , NA                                                                                    , IOCL                                                                                                               , Karnataka        , Hassan                       , 12.9836         , 76.1187         , NA         , NA          ,                   ,             , True         , False     , False     , probable           , point_only
FAC_IND_STR_054      , Hubli Depot (HPCL)                                                    , storage_terminal     , NA                                                                                    , HPCL                                                                                                               , Karnataka        , Dharwad                      , 15.41378        , 75.06767        , NA         , NA          ,                   ,             , True         , False     , False     , verified           , point_only
FAC_IND_STR_055      , Mysore Depot (BPCL)                                                   , storage_terminal     , NA                                                                                    , BPCL                                                                                                               , Karnataka        , Mysuru                       , 12.342605       , 76.638852       , NA         , NA          ,                   ,             , True         , False     , False     , probable           , point_only
FAC_IND_STR_056      , Mysore Depot (IOCL)                                                   , storage_terminal     , NA                                                                                    , IOCL                                                                                                               , Karnataka        , Mysuru                       , 12.341814       , 76.640285       , NA         , NA          ,                   ,             , True         , False     , False     , probable           , point_only
FAC_IND_STR_057      , Navalur Hubli Depot (IOCL)                                            , storage_terminal     , NA                                                                                    , IOCL                                                                                                               , Karnataka        , Dharwad                      , 15.408236       , 75.064085       , NA         , NA          ,                   ,             , True         , False     , False     , probable           , point_only
FAC_IND_STR_058      , KOCHI                                                                 , storage_terminal     , NA                                                                                    , NA                                                                                                                 , Kerala           , Kochi                        ,  9.98711        , 76.22307        , NA         , NA          ,                   ,             , True         , False     , False     , probable           , point_only
FAC_IND_STR_059      , Kozhikode Depot (HPCL)                                                , storage_terminal     , NA                                                                                    , HPCL                                                                                                               , Kerala           , Kozhikode                    , 11.34815        , 75.740558       , NA         , NA          ,                   ,             , True         , False     , False     , verified           , point_only
FAC_IND_STR_060      , Kozhikode Depot (IOCL)                                                , storage_terminal     , NA                                                                                    , IOCL                                                                                                               , Kerala           , Kozhikode                    , 11.172222       , 75.833056       , NA         , NA          ,                   ,             , True         , False     , False     , probable           , point_only
FAC_IND_STR_061      , VIJAPUR                                                               , storage_terminal     , NA                                                                                    , NA                                                                                                                 , Madhya Pradesh   , Raghogarh Tahsil             , 24.4772         , 77.15285        , NA         , NA          ,                   ,             , True         , False     , False     , probable           , point_only
FAC_IND_STR_062      , MUMBAI                                                                , storage_terminal     , NA                                                                                    , NA                                                                                                                 , Maharashtra      , Mumbai City District         , 18.99863        , 72.85594        , NA         , NA          ,                   ,             , True         , False     , False     , probable           , point_only
FAC_IND_STR_063      , Bhitoni POL Depot (BPCL)                                              , storage_terminal     , NA                                                                                    , BPCL                                                                                                               , Madhya Pradesh   , Jabalpur                     , 23.136          , 79.932          , NA         , NA          ,                   ,             , True         , False     , False     , verified           , point_only
FAC_IND_STR_064      , Jabalpur Depot (IOCL)                                                 , storage_terminal     , NA                                                                                    , IOCL                                                                                                               , Madhya Pradesh   , Jabalpur                     , 23.231825       , 79.949723       , NA         , NA          ,                   ,             , True         , False     , False     , probable           , point_only
FAC_IND_STR_065      , Manglia POL Depot (BPCL)                                              , storage_terminal     , NA                                                                                    , BPCL                                                                                                               , Madhya Pradesh   , Indore                       , 22.741          , 75.84           , NA         , NA          ,             1994.0,             , True         , False     , False     , verified           , point_only
FAC_IND_STR_066      , Rairu POL Depot (BPCL)                                                , storage_terminal     , NA                                                                                    , BPCL                                                                                                               , Madhya Pradesh   , Gwalior                      , 26.241          , 78.237          , NA         , NA          ,                   ,             , True         , False     , False     , probable           , point_only
FAC_IND_STR_067      , Ratlam Terminal (IOCL)                                                , storage_terminal     , NA                                                                                    , IOCL                                                                                                               , Madhya Pradesh   , Ratlam                       , 23.337          , 75.036          , NA         , NA          ,                   ,             , True         , False     , False     , verified           , point_only
FAC_IND_STR_068      , Sagar Depot (IOCL)                                                    , storage_terminal     , NA                                                                                    , IOCL                                                                                                               , Madhya Pradesh   , Sagar                        , 23.841279       , 78.746514       , NA         , NA          ,                   ,             , True         , False     , False     , probable           , point_only
FAC_IND_STR_069      , Akola Terminal (IOCL)                                                 , storage_terminal     , NA                                                                                    , IOCL                                                                                                               , Maharashtra      , Akola                        , 20.722439       , 76.897393       , NA         , NA          ,                   ,             , True         , False     , False     , verified           , point_only
FAC_IND_STR_070      , Akolner POL Depot                                                     , storage_terminal     , NA                                                                                    , BPCL                                                                                                               , Maharashtra      , Ahmednagar                   , 18.991722       , 74.668758       , NA         , NA          ,                   ,             , True         , False     , False     , verified           , point_only
FAC_IND_STR_071      , Bassein Terminal (IOCL)                                               , storage_terminal     , NA                                                                                    , IOCL                                                                                                               , Maharashtra      , Palghar                      , 19.390809       , 72.829497       , NA         , NA          ,                   ,             , True         , False     , False     , verified           , point_only
FAC_IND_STR_072      , Manmad Installation (BPCL)                                            , storage_terminal     , NA                                                                                    , BPCL                                                                                                               , Maharashtra      , Nashik                       , 20.269226       , 74.493234       , NA         , NA          ,                   ,             , True         , False     , False     , verified           , point_only
FAC_IND_STR_073      , Manmad Terminal (IOCL)                                                , storage_terminal     , NA                                                                                    , IOCL                                                                                                               , Maharashtra      , Nashik                       , 20.266582       , 74.484722       , NA         , NA          ,                   ,             , True         , False     , False     , verified           , point_only
FAC_IND_STR_074      , Pakni POL Depot                                                       , storage_terminal     , NA                                                                                    , BPCL                                                                                                               , Maharashtra      , Solapur                      , 17.730542       , 75.783844       , NA         , NA          ,                   ,             , True         , False     , False     , verified           , point_only
FAC_IND_STR_075      , Solapur Depot (IOCL)                                                  , storage_terminal     , NA                                                                                    , IOCL                                                                                                               , Maharashtra      , Solapur                      , 17.726506       , 75.783073       , NA         , NA          ,                   ,             , True         , False     , False     , verified           , point_only
FAC_IND_STR_076      , Balasore Depot (BPCL)                                                 , storage_terminal     , NA                                                                                    , BPCL                                                                                                               , Odisha           , Balasore                     , 21.496967       , 86.845569       , NA         , NA          ,                   ,             , True         , False     , False     , verified           , point_only
FAC_IND_STR_077      , Balasore Depot (HPCL)                                                 , storage_terminal     , NA                                                                                    , HPCL                                                                                                               , Odisha           , Balasore                     , 21.496095       , 86.848667       , NA         , NA          ,                   ,             , True         , False     , False     , verified           , point_only
FAC_IND_STR_078      , Balasore Depot (IOCL)                                                 , storage_terminal     , NA                                                                                    , IOCL                                                                                                               , Odisha           , Balasore                     , 21.495191       , 86.846079       , NA         , NA          ,                   ,             , True         , False     , False     , verified           , point_only
FAC_IND_STR_079      , Bhubaneswar Terminal (IOCL)                                           , storage_terminal     , NA                                                                                    , IOCL                                                                                                               , Odisha           , Khordha                      , 20.176176       , 85.727443       , NA         , NA          ,                   ,             , True         , False     , False     , probable           , point_only
FAC_IND_STR_080      , Paradeep Installation (BPCL)                                          , storage_terminal     , NA                                                                                    , BPCL                                                                                                               , Odisha           , Jagatsinghpur                , 20.284489       , 86.630478       , NA         , NA          ,                   ,             , True         , False     , False     , verified           , point_only
FAC_IND_STR_081      , Paradip Depot (HPCL)                                                  , storage_terminal     , NA                                                                                    , HPCL                                                                                                               , Odisha           , Jagatsinghpur                , 20.28258        , 86.62244        , NA         , NA          ,                   ,             , True         , False     , False     , verified           , point_only
FAC_IND_STR_082      , Bathinda Depot (BPCL)                                                 , storage_terminal     , NA                                                                                    , BPCL                                                                                                               , Punjab           , Bathinda                     , 30.165211       , 74.979047       , NA         , NA          ,                   ,             , True         , False     , False     , verified           , point_only
FAC_IND_STR_083      , Bhatinda Terminal (HPCL)                                              , storage_terminal     , NA                                                                                    , HPCL                                                                                                               , Punjab           , Bathinda                     , 30.15943        , 74.97974        , NA         , NA          ,                   ,             , True         , False     , False     , verified           , point_only
FAC_IND_STR_084      , Bhatinda Terminal (IOCL)                                              , storage_terminal     , NA                                                                                    , IOCL                                                                                                               , Punjab           , Bathinda                     , 30.161572       , 74.981835       , NA         , NA          ,                   ,             , True         , False     , False     , verified           , point_only
FAC_IND_STR_085      , Jalandhar Depot (BPCL)                                                , storage_terminal     , NA                                                                                    , BPCL                                                                                                               , Punjab           , Jalandhar                    , 31.344676       , 75.615803       , NA         , NA          ,                   ,             , True         , False     , False     , verified           , point_only
FAC_IND_STR_086      , Jalandhar Depot (HPCL)                                                , storage_terminal     , NA                                                                                    , HPCL                                                                                                               , Punjab           , Jalandhar                    , 31.34525        , 75.61833        , NA         , NA          ,                   ,             , True         , False     , False     , verified           , point_only
FAC_IND_STR_087      , Jalandhar Terminal (IOCL)                                             , storage_terminal     , NA                                                                                    , IOCL                                                                                                               , Punjab           , Jalandhar                    , 31.335655       , 75.613855       , NA         , NA          ,                   ,             , True         , False     , False     , verified           , point_only
FAC_IND_STR_088      , Lalru Depot (BPCL)                                                    , storage_terminal     , NA                                                                                    , BPCL                                                                                                               , Punjab           , SAS Nagar                    , 30.467958       , 76.787957       , NA         , NA          ,                   ,             , True         , False     , False     , verified           , point_only
FAC_IND_STR_089      , Sangrur Depot (BPCL)                                                  , storage_terminal     , NA                                                                                    , BPCL                                                                                                               , Punjab           , Sangrur                      , 30.2137134      , 75.8688066      , NA         , NA          ,                   ,             , True         , False     , False     , verified           , point_only
FAC_IND_STR_090      , Sangrur Depot (HPCL)                                                  , storage_terminal     , NA                                                                                    , HPCL                                                                                                               , Punjab           , Sangrur                      , 30.2132         , 75.864          , NA         , NA          ,                   ,             , True         , False     , False     , verified           , point_only
FAC_IND_STR_091      , Sangrur Terminal (IOCL)                                               , storage_terminal     , NA                                                                                    , IOCL                                                                                                               , Punjab           , Sangrur                      , 30.214429       , 75.861574       , NA         , NA          ,                   ,             , True         , False     , False     , verified           , point_only
FAC_IND_STR_092      , CHENNAI                                                               , storage_terminal     , NA                                                                                    , NA                                                                                                                 , Tamil Nadu       , Chennai                      , 13.11513        , 80.29805        , NA         , NA          ,                   ,             , True         , False     , False     , probable           , point_only
FAC_IND_STR_093      , Coimbatore Depot (HPCL)                                               , storage_terminal     , NA                                                                                    , HPCL                                                                                                               , Tamil Nadu       , Coimbatore                   , 11.030765       , 77.081881       , NA         , NA          ,                   ,             , True         , False     , False     , verified           , point_only
FAC_IND_STR_094      , Coimbatore Depot (IOCL)                                               , storage_terminal     , NA                                                                                    , IOCL                                                                                                               , Tamil Nadu       , Coimbatore                   , 11.031376       , 77.079762       , NA         , NA          ,                   ,             , True         , False     , False     , probable           , point_only
FAC_IND_STR_095      , Dharmapuri Terminal (HPCL)                                            , storage_terminal     , NA                                                                                    , HPCL                                                                                                               , Tamil Nadu       , Dharmapuri                   , 12.066          , 78.12           , NA         , NA          ,             2022.0,             , True         , False     , False     , verified           , point_only
FAC_IND_STR_096      , Irugur Top (BPCL)                                                     , storage_terminal     , NA                                                                                    , BPCL                                                                                                               , Tamil Nadu       , Coimbatore                   , 11.024901       , 77.083837       , NA         , NA          ,                   ,             , True         , False     , False     , probable           , point_only
FAC_IND_STR_097      , Karur Depot (BPCL)                                                    , storage_terminal     , NA                                                                                    , BPCL                                                                                                               , Tamil Nadu       , Karur                        , 10.9896         , 78.0394         , NA         , NA          ,                   ,             , True         , False     , False     , probable           , point_only
FAC_IND_STR_098      , Karur Depot (HPCL)                                                    , storage_terminal     , NA                                                                                    , HPCL                                                                                                               , Tamil Nadu       , Karur                        , 10.9896         , 78.0394         , NA         , NA          ,                   ,             , True         , False     , False     , verified           , point_only
FAC_IND_STR_099      , Madurai Depot (HPCL)                                                  , storage_terminal     , NA                                                                                    , HPCL                                                                                                               , Tamil Nadu       , Madurai                      ,  9.851073       , 78.032257       , NA         , NA          ,                   ,             , True         , False     , False     , verified           , point_only
FAC_IND_STR_100      , Madurai Depot (IOCL)                                                  , storage_terminal     , NA                                                                                    , IOCL                                                                                                               , Tamil Nadu       , Madurai                      ,  9.849898       , 78.029136       , NA         , NA          ,                   ,             , True         , False     , False     , probable           , point_only
FAC_IND_STR_101      , Sankari Depot (IOCL)                                                  , storage_terminal     , NA                                                                                    , IOCL                                                                                                               , Tamil Nadu       , Salem                        , 11.438745       , 77.87192        , NA         , NA          ,                   ,             , True         , False     , False     , probable           , point_only
FAC_IND_STR_102      , Tirunelveli Depot (BPCL)                                              , storage_terminal     , NA                                                                                    , BPCL                                                                                                               , Tamil Nadu       , Tirunelveli                  ,  8.738261       , 77.707214       , NA         , NA          ,                   ,             , True         , False     , False     , probable           , point_only
FAC_IND_STR_103      , Tirunelveli Depot (HPCL)                                              , storage_terminal     , NA                                                                                    , HPCL                                                                                                               , Tamil Nadu       , Tirunelveli                  ,  8.740559       , 77.707506       , NA         , NA          ,                   ,             , True         , False     , False     , verified           , point_only
FAC_IND_STR_104      , Trichy Depot (IOCL)                                                   , storage_terminal     , NA                                                                                    , IOCL                                                                                                               , Tamil Nadu       , Tiruchirappalli              , 10.776313       , 78.836796       , NA         , NA          ,                   ,             , True         , False     , False     , probable           , point_only
FAC_IND_STR_105      , Hyderabad Terminal (IOCL)                                             , storage_terminal     , NA                                                                                    , IOCL                                                                                                               , Telangana        , Hyderabad                    , 17.451743       , 78.600973       , NA         , NA          ,                   ,             , True         , False     , False     , verified           , point_only
FAC_IND_STR_106      , Malkapur POL Terminal (IOCL)                                          , storage_terminal     , NA                                                                                    , IOCL                                                                                                               , Telangana        , Yadadri Bhuvanagiri          , 17.285207       , 78.799568       , NA         , NA          ,                   ,             , True         , False     , False     , verified           , point_only
FAC_IND_STR_107      , Ramagundam Depot (HPCL)                                               , storage_terminal     , NA                                                                                    , HPCL                                                                                                               , Telangana        , Peddapalli                   , 18.74406        , 79.431768       , NA         , NA          ,                   ,             , True         , False     , False     , verified           , point_only
FAC_IND_STR_108      , Secunderabad Terminal (HPCL)                                          , storage_terminal     , NA                                                                                    , HPCL                                                                                                               , Telangana        , Medchal-Malkajgiri           , 17.45895        , 78.71622        , NA         , NA          ,                   ,             , True         , False     , False     , verified           , point_only
FAC_IND_STR_109      , Suryapet Terminal (HPCL)                                              , storage_terminal     , NA                                                                                    , HPCL                                                                                                               , Telangana        , Suryapet                     , 17.0859333348715, 79.6653836657596, NA         , NA          ,                   ,             , True         , False     , False     , verified           , point_only
FAC_IND_STR_110      , Dharmanagar POL Depot (IOCL)                                          , storage_terminal     , NA                                                                                    , IOCL                                                                                                               , Tripura          , North Tripura                , 24.370806       , 92.167757       , NA         , NA          ,                   ,             , True         , False     , False     , verified           , point_only
FAC_IND_STR_111      , Sekerkote Rail-fed POL Depot (IOCL)                                   , storage_terminal     , NA                                                                                    , IOCL                                                                                                               , Tripura          , West Tripura                 , 23.7753         , 91.3197         , NA         , NA          ,                   ,             , True         , False     , False     , verified           , point_only
FAC_IND_STR_112      , Budge Budge Terminal                                                  , storage_terminal     , POL depot terminal                                                                    , Indian Oil Corporation Limited (IOCL)                                                                              , West Bengal      , South 24 Parganas            , 22.49211        , 88.18567        , NA         , NA          ,                   ,             , True         , False     , False     , verified           , point_only
FAC_IND_STR_114      , Siliguri Terminal                                                     , storage_terminal     , POL depot terminal                                                                    , Indian Oil Corporation Limited (IOCL)                                                                              , West Bengal      , Darjeeling                   , 26.69055        , 88.44383        , NA         , NA          ,                   ,             , True         , False     , False     , verified           , point_only
FAC_IND_STR_115      , Haldia Terminal B (IOCL)                                              , storage_terminal     , NA                                                                                    , IOCL                                                                                                               , West Bengal      , Purba Medinipur              , 22.07           , 88.15           , NA         , NA          ,                   ,             , True         , False     , False     , verified           , point_only
FAC_IND_STR_116      , Rajbandh POL Depot (BPCL)                                             , storage_terminal     , NA                                                                                    , BPCL                                                                                                               , West Bengal      , Paschim Bardhaman            , 23.482989       , 87.389442       , NA         , NA          ,                   ,             , True         , False     , False     , verified           , point_only
FAC_WRI_0001         , ADITYA CEMENT WORKS                                                   , thermal_power_plant  , coal                                                                                  , Ultratech Cement ltd                                                                                               , Rajasthan        , Chittaurgarh Tehsil          , 24.7663         , 74.609          , 98.0       , Coal        ,                   ,             , False        , True      , False     , probable           , external_database_point
FAC_WRI_0002         , AGARTALA GT                                                           , thermal_power_plant  , gas                                                                                   , NA                                                                                                                 , Tripura          , Mohanpur                     , 23.8712         , 91.3602         , 135.0      , Gas         ,             2004.0,             , False        , True      , False     , probable           , external_database_point
FAC_WRI_0003         , AKALTARA TPP                                                          , thermal_power_plant  , coal                                                                                  , NA                                                                                                                 , Chhattisgarh     , Akaltara Tahsil              , 21.9603         , 82.4091         , 1800.0     , Coal        ,             2015.0,             , False        , True      , False     , probable           , external_database_point
FAC_WRI_0004         , AKRIMOTA LIG                                                          , thermal_power_plant  , coal                                                                                  , NA                                                                                                                 , Gujarat          , Lakhpat Taluka               , 23.7689         , 68.6447         , 250.0      , Coal        ,             2005.0,             , False        , True      , False     , probable           , external_database_point
FAC_WRI_0005         , AMAR KANTAK                                                           , thermal_power_plant  , coal                                                                                  , NA                                                                                                                 , Madhya Pradesh   , Anuppur Tehsil               , 23.1642         , 81.6373         , 210.0      , Coal        ,             2008.0,             , False        , True      , False     , probable           , external_database_point
FAC_WRI_0006         , AMARAVATI TPP                                                         , thermal_power_plant  , coal                                                                                  , NA                                                                                                                 , Maharashtra      , Amravati                     , 21.0782         , 77.9009         , 1350.0     , Coal        ,             2014.0,             , False        , True      , False     , probable           , external_database_point
FAC_WRI_0008         , ANPARA                                                                , thermal_power_plant  , coal                                                                                  , NA                                                                                                                 , Uttar Pradesh    , Dudhi                        , 24.201          , 82.7891         , 2630.0     , Coal        ,             2000.0,             , False        , True      , False     , probable           , external_database_point
FAC_WRI_0009         , ANTA GT                                                               , thermal_power_plant  , gas                                                                                   , NA                                                                                                                 , Rajasthan        , Antah Tehsil                 , 25.1797         , 76.3188         , 419.33     , Gas         ,             1989.0,             , False        , True      , False     , probable           , external_database_point
FAC_WRI_0010         , ANUPPUR                                                               , thermal_power_plant  , coal                                                                                  , Hindustan Pvt lt                                                                                                   , Madhya Pradesh   , Jaithari Tehsil              , 23.0666         , 81.7841         , 600.0      , Coal        ,                   ,             , False        , True      , False     , probable           , external_database_point
FAC_WRI_0011         , ANUPUR TPP                                                            , thermal_power_plant  , coal                                                                                  , NA                                                                                                                 , Madhya Pradesh   , Jaithari Tehsil              , 23.0655         , 81.7865         , 1200.0     , Coal        ,             2015.0,             , False        , True      , False     , probable           , external_database_point
FAC_WRI_0012         , ARVINDNAGAR SUGAR                                                     , thermal_power_plant  , biomass                                                                               , Dr Ssk ltd                                                                                                         , Maharashtra      , Dharashiv                    , 18.0845         , 76.1851         , 10.0       , Biomass     ,                   ,             , False        , True      , False     , probable           , external_database_point
FAC_WRI_0013         , ASHOKNAGAR MILL                                                       , thermal_power_plant  , biomass                                                                               , Ashok Ssk ltd                                                                                                      , Maharashtra      , Shrirampur                   , 19.5867         , 74.7061         , 17.0       , Biomass     ,                   ,             , False        , True      , False     , probable           , external_database_point
FAC_WRI_0014         , ATHANI SUGAR                                                          , thermal_power_plant  , biomass                                                                               , Shree Sugars ltd                                                                                                   , Maharashtra      , Miraj                        , 16.7708         , 74.9191         , 24.0       , Biomass     ,                   ,             , False        , True      , False     , probable           , external_database_point
FAC_WRI_0015         , AURAIYA GT                                                            , thermal_power_plant  , gas                                                                                   , NA                                                                                                                 , Uttar Pradesh    , Auraiya                      , 26.6282         , 79.5286         , 652.0      , Gas         ,             1989.0,             , False        , True      , False     , probable           , external_database_point
FAC_WRI_0016         , AVANTHA BHANDAR TPP                                                   , thermal_power_plant  , coal                                                                                  , NA                                                                                                                 , Chhattisgarh     , Pusour Tahsil                , 21.7438         , 83.2741         , 600.0      , Coal        ,             2017.0,             , False        , True      , False     , probable           , external_database_point
FAC_WRI_0017         , AWARPUR CEMENT PLANT                                                  , thermal_power_plant  , coal                                                                                  , Ultratech Cement ltd                                                                                               , Maharashtra      , Korpana Taluka               , 19.7881         , 79.1518         , 46.0       , Coal        ,                   ,             , False        , True      , False     , probable           , external_database_point
FAC_WRI_0018         , BADARPUR                                                              , thermal_power_plant  , coal                                                                                  , NA                                                                                                                 , Delhi            , South East Delhi             , 28.506          , 77.3066         , 705.0      , Coal        ,             1977.0,             , False        , True      , False     , probable           , external_database_point
FAC_WRI_0019         , BAGALKOT ICP                                                          , thermal_power_plant  , biomass                                                                               , Indian Power ltd                                                                                                   , Karnataka        , Mudhola taluku               , 16.2804         , 75.225          , 28.0       , Biomass     ,                   ,             , False        , True      , False     , probable           , external_database_point
FAC_WRI_0020         , BAKRESWAR                                                             , thermal_power_plant  , coal                                                                                  , NA                                                                                                                 , West Bengal      , Dubrajpur                    , 23.8285         , 87.4513         , 1050.0     , Coal        ,             2003.0,             , False        , True      , False     , probable           , external_database_point
FAC_WRI_0021         , BALLARPUR BILT POWER                                                  , thermal_power_plant  , coal                                                                                  , Ballarpur Industries ltd                                                                                           , Maharashtra      , Ballarpur Taluka             , 19.8601         , 79.3421         , 67.5       , Coal        ,                   ,             , False        , True      , False     , probable           , external_database_point
FAC_WRI_0022         , BAMANIA CEMENT                                                        , thermal_power_plant  , coal                                                                                  , Jk Cement ltd                                                                                                      , Rajasthan        , Nimbahera Tehsil             , 24.6929         , 74.689          , 10.0       , Coal        ,                   ,             , False        , True      , False     , probable           , external_database_point
FAC_WRI_0023         , BANDAKHAR TPP                                                         , thermal_power_plant  , coal                                                                                  , NA                                                                                                                 , Chhattisgarh     , Pali Tahsil                  , 22.3421         , 82.4305         , 300.0      , Coal        ,             2015.0,             , False        , True      , False     , probable           , external_database_point
FAC_WRI_0024         , BANDEL                                                                , thermal_power_plant  , coal                                                                                  , NA                                                                                                                 , West Bengal      , Chinsurah - Magra            , 22.9956         , 88.4042         , 335.0      , Coal        ,             1976.0,             , False        , True      , False     , probable           , external_database_point
FAC_WRI_0025         , BANSWARA CEMENT                                                       , thermal_power_plant  , coal                                                                                  , India Ltd icl)                                                                                                     , Rajasthan        , Garhi Tehsil                 , 23.6026         , 74.2562         , 20.0       , Coal        ,                   ,             , False        , True      , False     , probable           , external_database_point
FAC_WRI_0026         , BARADARHA TPP                                                         , thermal_power_plant  , coal                                                                                  , NA                                                                                                                 , Chhattisgarh     , Dabhra Tahsil                , 21.9114         , 83.1889         , 1200.0     , Coal        ,             2014.0,             , False        , True      , False     , probable           , external_database_point
FAC_WRI_0027         , BARAMURA                                                              , thermal_power_plant  , gas                                                                                   , NA                                                                                                                 , Tripura          , Teliamura                    , 23.807          , 91.565          , 42.0       , Gas         ,             2006.0,             , False        , True      , False     , probable           , external_database_point
FAC_WRI_0028         , BARAUNI                                                               , thermal_power_plant  , coal                                                                                  , NA                                                                                                                 , Bihar            , Barauni                      , 25.3999         , 86.0218         , 720.0      , Coal        ,             2007.0,             , False        , True      , False     , probable           , external_database_point
FAC_WRI_0029         , BARH STPP II                                                          , thermal_power_plant  , coal                                                                                  , NA                                                                                                                 , Bihar            , Pandarak                     , 25.4865         , 85.7452         , 1320.0     , Coal        ,             2014.0,             , False        , True      , False     , probable           , external_database_point
FAC_WRI_0030         , BARKHERA TPP                                                          , thermal_power_plant  , coal                                                                                  , NA                                                                                                                 , Uttar Pradesh    , Bisalpur                     , 28.4723         , 79.8066         , 90.0       , Coal        ,             2011.0,             , False        , True      , False     , probable           , external_database_point
FAC_WRI_0031         , BARSINGAR LIGNITE                                                     , thermal_power_plant  , coal                                                                                  , NA                                                                                                                 , Rajasthan        , Bikaner Tehsil               , 27.8453         , 73.2            , 250.0      , Coal        ,             2010.0,             , False        , True      , False     , probable           , external_database_point
FAC_WRI_0032         , BASIN BRIDGE GT                                                       , thermal_power_plant  , gas                                                                                   , NA                                                                                                                 , Tamil Nadu       , Chennai                      , 13.1021         , 80.2682         , 120.0      , Gas         ,             1996.0,             , False        , True      , False     , probable           , external_database_point
FAC_WRI_0033         , BELA NAGPUR                                                           , thermal_power_plant  , coal                                                                                  , Ideal Projects ltd                                                                                                 , Maharashtra      , Umred                        , 20.805          , 79.0547         , 270.0      , Coal        ,                   ,             , False        , True      , False     , probable           , external_database_point
FAC_WRI_0034         , BELGAUM UGAR                                                          , thermal_power_plant  , biomass                                                                               , Ugar Works ltd                                                                                                     , Karnataka        , Kagawada taluku              , 16.6505         , 74.8209         , 22.8       , Biomass     ,                   ,             , False        , True      , False     , probable           , external_database_point
FAC_WRI_0035         , BELLAD-BAGEWADI                                                       , thermal_power_plant  , biomass                                                                               , Vishwanath Sugars ltd                                                                                              , Karnataka        , Hukkeri taluk                , 16.2774         , 74.7111         , 15.0       , Biomass     ,                   ,             , False        , True      , False     , probable           , external_database_point
FAC_WRI_0036         , BELLARY HOTHUR                                                        , thermal_power_plant  , coal                                                                                  , Hothur Pvt ltd                                                                                                     , Karnataka        , Kurugodu taluk               , 15.1831         , 76.7909         , 10.0       , Coal        ,                   ,             , False        , True      , False     , probable           , external_database_point
FAC_WRI_0037         , BELLARY JANKI                                                         , thermal_power_plant  , coal                                                                                  , Janki Corp ltd                                                                                                     , Karnataka        , Bellary taluk                , 15.1777         , 77.1036         , 18.0       , Coal        ,                   ,             , False        , True      , False     , probable           , external_database_point
FAC_WRI_0038         , BHADRAVATI MILL                                                       , thermal_power_plant  , coal                                                                                  , Mysore Mills ltd                                                                                                   , Karnataka        , Bhadravati taluk             , 13.8274         , 75.7131         , 41.0       , Coal        ,                   ,             , False        , True      , False     , probable           , external_database_point
FAC_WRI_0039         , BHANDARA STEEL MILL                                                   , thermal_power_plant  , coal                                                                                  , Sunflag Co ltd                                                                                                     , Maharashtra      , Mohadi Taluka                , 21.232          , 79.6311         , 15.0       , Coal        ,                   ,             , False        , True      , False     , probable           , external_database_point
FAC_WRI_0040         , BHANDARA VARAM                                                        , thermal_power_plant  , biomass                                                                               , Varam Pvt ltd                                                                                                      , Maharashtra      , Bhandara Taluka              , 21.0813         , 79.7708         , 10.0       , Biomass     ,                   ,             , False        , True      , False     , probable           , external_database_point
FAC_WRI_0041         , BHAVNAGAR TPP                                                         , thermal_power_plant  , coal                                                                                  , NA                                                                                                                 , Gujarat          , Ghogha Taluka                , 21.5837         , 72.2222         , 500.0      , Coal        ,             2016.0,             , False        , True      , False     , probable           , external_database_point
FAC_WRI_0042         , BHIGWAN MILL                                                          , thermal_power_plant  , coal                                                                                  , Ballarpur Industries ltd                                                                                           , Maharashtra      , Indapur                      , 18.2416         , 74.7529         , 30.0       , Coal        ,                   ,             , False        , True      , False     , probable           , external_database_point
FAC_WRI_0043         , BHILAI TPP                                                            , thermal_power_plant  , coal                                                                                  , NA                                                                                                                 , Chhattisgarh     , Patan Tahsil                 , 21.184          , 81.4237         , 500.0      , Coal        ,             2008.0,             , False        , True      , False     , probable           , external_database_point
FAC_WRI_0044         , BHUSAWAL                                                              , thermal_power_plant  , coal                                                                                  , NA                                                                                                                 , Maharashtra      , Bhusawal                     , 21.0483         , 75.8425         , 1210.0     , Coal        ,             2007.0,             , False        , True      , False     , probable           , external_database_point
FAC_WRI_0045         , BILIYAKALAN PLANT                                                     , thermal_power_plant  , biomass                                                                               , Sangam Spinners ltd                                                                                                , Rajasthan        , Hameergarh Tehsil            , 25.2267         , 74.6216         , 10.0       , Biomass     ,                   ,             , False        , True      , False     , probable           , external_database_point
FAC_WRI_0046         , BINA REFINERY                                                         , thermal_power_plant  , coal                                                                                  , Bharat Refinery ltd                                                                                                , Madhya Pradesh   , Bina Tahsil                  , 24.2508         , 78.1606         , 99.0       , Coal        ,                   ,             , False        , True      , False     , probable           , external_database_point
FAC_WRI_0047         , BINA TPP                                                              , thermal_power_plant  , coal                                                                                  , NA                                                                                                                 , Madhya Pradesh   , Gairatganj Tahsil            , 23.3172         , 78.1336         , 500.0      , Coal        ,             2012.0,             , False        , True      , False     , probable           , external_database_point
FAC_WRI_0048         , BINANI CEMENT PLANT                                                   , thermal_power_plant  , coal                                                                                  , Binani Industries ltd                                                                                              , Rajasthan        , Pindwara Tehsil              , 24.8263         , 73.0901         , 69.6       , Coal        ,                   ,             , False        , True      , False     , probable           , external_database_point
FAC_WRI_0049         , BINJKOTE                                                              , thermal_power_plant  , coal                                                                                  , NA                                                                                                                 , Chhattisgarh     , Kharsia Tahsil               , 22.0103         , 83.2058         , 600.0      , Coal        ,             2017.0,             , False        , True      , False     , probable           , external_database_point
FAC_WRI_0050         , BOKARO A ''EXP''                                                      , thermal_power_plant  , coal                                                                                  , NA                                                                                                                 , Jharkhand        , Chas                         , 23.6783         , 86.0888         , 500.0      , Coal        ,             2016.0,             , False        , True      , False     , probable           , external_database_point
FAC_WRI_0051         , BOKARO B                                                              , thermal_power_plant  , coal                                                                                  , NA                                                                                                                 , Jharkhand        , Bermo                        , 23.785          , 85.88           , 210.0      , Coal        ,             1993.0,             , False        , True      , False     , probable           , external_database_point
FAC_WRI_0052         , BONGAIGAON TPP                                                        , thermal_power_plant  , coal                                                                                  , NA                                                                                                                 , Assam            , Sidli (Pt)                   , 26.5145         , 90.5287         , 750.0      , Coal        ,             2017.0,             , False        , True      , False     , probable           , external_database_point
FAC_WRI_0053         , BRAMHAPURAM DG                                                        , thermal_power_plant  , oil                                                                                   , NA                                                                                                                 , Kerala           , Kunnathunad                  ,  9.9975         , 76.3744         , 60.0       , Oil         ,             1997.0,             , False        , True      , False     , probable           , external_database_point
FAC_WRI_0054         , BSES Kerala CCGT                                                      , thermal_power_plant  , gas                                                                                   , NA                                                                                                                 , Kerala           , Paravur                      , 10.074          , 76.3188         , 165.0      , Gas         ,             1999.0,             , False        , True      , False     , probable           , external_database_point
FAC_WRI_0055         , BUDGE BUDGE                                                           , thermal_power_plant  , coal                                                                                  , NA                                                                                                                 , West Bengal      , Budge Budge - I              , 22.4673         , 88.14           , 750.0      , Coal        ,             2001.0,             , False        , True      , False     , probable           , external_database_point
FAC_WRI_0056         , BUTIBORI PLANT                                                        , thermal_power_plant  , oil                                                                                   , Indo Synthetics ltd                                                                                                , Maharashtra      , Hingna                       , 20.9225         , 78.9535         , 81.5       , Oil         ,                   ,             , False        , True      , False     , probable           , external_database_point
FAC_WRI_0057         , BUTIBORI TPP -II                                                      , thermal_power_plant  , coal                                                                                  , NA                                                                                                                 , Maharashtra      , Hingna                       , 20.9286         , 78.9333         , 600.0      , Coal        ,             2013.0,             , False        , True      , False     , probable           , external_database_point
FAC_WRI_0058         , CHAKABURA TPP                                                         , thermal_power_plant  , coal                                                                                  , NA                                                                                                                 , Chhattisgarh     , Katghora Tahsil              , 22.3932         , 82.5532         , 60.0       , Coal        ,             2010.0,             , False        , True      , False     , probable           , external_database_point
FAC_WRI_0059         , CHANDA CEMENT WORKS                                                   , thermal_power_plant  , coal                                                                                  , Acc Acc ltd                                                                                                        , Maharashtra      , Chandrapur Taluka            , 19.9213         , 79.1133         , 40.0       , Coal        ,                   ,             , False        , True      , False     , probable           , external_database_point
FAC_WRI_0060         , CHANDERIA CEMENT WORKS                                                , thermal_power_plant  , coal                                                                                  , Birla Corp ltd                                                                                                     , Rajasthan        , Gangrar Tehsil               , 24.9293         , 74.6367         , 35.0       , Coal        ,                   ,             , False        , True      , False     , probable           , external_database_point
FAC_WRI_0061         , CHANDERIA SMELTER                                                     , thermal_power_plant  , coal                                                                                  , Hindustan Zinc ltd                                                                                                 , Rajasthan        , Chittaurgarh Tehsil          , 24.9637         , 74.6656         , 234.0      , Coal        ,                   ,             , False        , True      , False     , probable           , external_database_point
FAC_WRI_0062         , CHANDRAPUR GUPTA                                                      , thermal_power_plant  , coal                                                                                  , Gupta Ltd gepl)                                                                                                    , Maharashtra      , Chandrapur Taluka            , 19.93           , 79.1346         , 120.0      , Coal        ,                   ,             , False        , True      , False     , probable           , external_database_point
FAC_WRI_0063         , CHANDRAPUR MANIKGHAR                                                  , thermal_power_plant  , coal                                                                                  , Manikghar Cement co                                                                                                , Maharashtra      , Korpana Taluka               , 19.7218         , 79.1757         , 10.0       , Coal        ,                   ,             , False        , True      , False     , probable           , external_database_point
FAC_WRI_0064         , CHANDRAPURA                                                           , thermal_power_plant  , coal                                                                                  , NA                                                                                                                 , Jharkhand        , Chandrapura                  , 23.7376         , 86.1273         , 630.0      , Coal        ,             2000.0,             , False        , True      , False     , probable           , external_database_point
FAC_WRI_0065         , CHANDRAPUR_Coal                                                       , thermal_power_plant  , coal                                                                                  , NA                                                                                                                 , Maharashtra      , Chandrapur Taluka            , 20.0063         , 79.29           , 2920.0     , Coal        ,             1999.0,             , False        , True      , False     , probable           , external_database_point
FAC_WRI_0066         , CORE GREEN SUGAR                                                      , thermal_power_plant  , biomass                                                                               , Core Fuels ltd                                                                                                     , Karnataka        , Wadagera taluku              , 16.5471         , 77.0825         , 24.0       , Biomass     ,                   ,             , False        , True      , False     , probable           , external_database_point
FAC_WRI_0067         , D.P.L.                                                                , thermal_power_plant  , coal                                                                                  , NA                                                                                                                 , West Bengal      , Faridpur Durgapur            , 23.5211         , 87.3023         , 660.0      , Coal        ,             2005.0,             , False        , True      , False     , probable           , external_database_point
FAC_WRI_0068         , DADRI (NCTPP)                                                         , thermal_power_plant  , coal                                                                                  , NA                                                                                                                 , Uttar Pradesh    , Dhaulana                     , 28.603          , 77.6078         , 1820.0     , Coal        ,             2001.0,             , False        , True      , False     , probable           , external_database_point
FAC_WRI_0069         , DADRI GT                                                              , thermal_power_plant  , gas                                                                                   , NA                                                                                                                 , Uttar Pradesh    , Dadri                        , 28.5932         , 77.6101         , 829.78     , Gas         ,             1992.0,             , False        , True      , False     , probable           , external_database_point
FAC_WRI_0070         , DAHANU FRESNEL                                                        , thermal_power_plant  , coal                                                                                  , Reliance Power ltd                                                                                                 , Rajasthan        , Pokaran Tehsil               , 26.7803         , 72.0091         , 100.0      , Coal        ,                   ,             , False        , True      , False     , probable           , external_database_point
FAC_WRI_0071         , DAMODARAM SANJEEVAIAH                                                 , thermal_power_plant  , coal                                                                                  , NA                                                                                                                 , Andhra Pradesh   , Muthukur                     , 14.3444         , 80.1264         , 1600.0     , Coal        ,             2014.0,             , False        , True      , False     , probable           , external_database_point
FAC_WRI_0072         , DANAPUR BMM                                                           , thermal_power_plant  , coal                                                                                  , Bmm Pvt ltd                                                                                                        , Karnataka        , Hosapete taluk               , 15.1707         , 76.377          , 25.0       , Coal        ,                   ,             , False        , True      , False     , probable           , external_database_point
FAC_WRI_0073         , DAUND SUGAR                                                           , thermal_power_plant  , biomass                                                                               , Daund Sugar ltd                                                                                                    , Maharashtra      , Daund                        , 18.4271         , 74.6338         , 30.0       , Biomass     ,                   ,             , False        , True      , False     , probable           , external_database_point
FAC_WRI_0074         , DAVANGERE MILL                                                        , thermal_power_plant  , biomass                                                                               , Davangere Co ltd                                                                                                   , Karnataka        , Davanagere Taluku            , 14.3277         , 75.8808         , 24.0       , Biomass     ,                   ,             , False        , True      , False     , probable           , external_database_point
FAC_WRI_0075         , DERANG                                                                , thermal_power_plant  , coal                                                                                  , NA                                                                                                                 , Odisha           , Kaniha                       , 21.1238         , 84.9843         , 1200.0     , Coal        ,             2014.0,             , False        , True      , False     , probable           , external_database_point
FAC_WRI_0076         , DGEN MEGA CCCP                                                        , thermal_power_plant  , gas                                                                                   , NA                                                                                                                 , Gujarat          , Vagra Taluka                 , 21.6923         , 72.6215         , 1200.0     , Gas         ,             2014.0,             , False        , True      , False     , probable           , external_database_point
FAC_WRI_0077         , DHANU                                                                 , thermal_power_plant  , coal                                                                                  , NA                                                                                                                 , Maharashtra      , Dahanu Taluka                , 19.9545         , 72.7478         , 500.0      , Coal        ,             1995.0,             , False        , True      , False     , probable           , external_database_point
FAC_WRI_0078         , DHARIWAL INF TPP                                                      , thermal_power_plant  , coal                                                                                  , NA                                                                                                                 , Maharashtra      , Chandrapur Taluka            , 20.0102         , 79.2033         , 600.0      , Coal        ,             2013.0,             , False        , True      , False     , probable           , external_database_point
FAC_WRI_0079         , DIGHE WORKS                                                           , thermal_power_plant  , oil                                                                                   , Mukand Mukand ltd                                                                                                  , Maharashtra      , Thane Subdistrict            , 19.1896         , 73.004          , 22.0       , Oil         ,                   ,             , False        , True      , False     , probable           , external_database_point
FAC_WRI_0080         , DLF                                                                   , thermal_power_plant  , gas                                                                                   , NA                                                                                                                 , Assam            , Lakhipur                     , 24.8271         , 92.9737         , 15.5       , Gas         ,             1997.0,             , False        , True      , False     , probable           , external_database_point
FAC_WRI_0081         , DNYANESHWAR MILL                                                      , thermal_power_plant  , biomass                                                                               , Shri Ssk ltd                                                                                                       , Maharashtra      , Nevasa                       , 19.4496         , 75.0382         , 12.96      , Biomass     ,                   ,             , False        , True      , False     , probable           , external_database_point
FAC_WRI_0082         , DOLVI ISPAT                                                           , thermal_power_plant  , oil                                                                                   , Jsw Steel ltd                                                                                                      , Maharashtra      , Pen Taluka                   , 18.69           , 73.039          , 67.6       , Oil         ,                   ,             , False        , True      , False     , probable           , external_database_point
FAC_WRI_0083         , DUGGAVATHI MILL                                                       , thermal_power_plant  , biomass                                                                               , Shamanur Sugars ltd                                                                                                , Karnataka        , Harapanahalli taluku         , 14.6284         , 75.8448         , 22.0       , Biomass     ,                   ,             , False        , True      , False     , probable           , external_database_point
FAC_WRI_0084         , DURG SPONGE IRON                                                      , thermal_power_plant  , coal                                                                                  , Jai Industries ltd                                                                                                 , Chhattisgarh     , Durg Tahsil                  , 21.1878         , 81.2099         , 12.8       , Coal        ,                   ,             , False        , True      , False     , probable           , external_database_point
FAC_WRI_0085         , DURGAPUR                                                              , thermal_power_plant  , coal                                                                                  , NA                                                                                                                 , West Bengal      , Faridpur Durgapur            , 23.531          , 87.25           , 210.0      , Coal        ,             1981.0,             , False        , True      , False     , probable           , external_database_point
FAC_WRI_0086         , DURGAPUR STEEL TPS                                                    , thermal_power_plant  , coal                                                                                  , NA                                                                                                                 , West Bengal      , Ondal                        , 23.58           , 87.2043         , 1000.0     , Coal        ,             2011.0,             , False        , True      , False     , probable           , external_database_point
FAC_WRI_0087         , Dandeli Mill                                                          , thermal_power_plant  , gas                                                                                   , West Coast Paper Mills Ltd.                                                                                        , Karnataka        , Dandeli taluku               , 15.2529         , 74.6283         , 20.0       , Gas         ,                   ,             , False        , True      , False     , probable           , external_database_point
FAC_WRI_0088         , ESSAR GT IMP.                                                         , thermal_power_plant  , gas                                                                                   , NA                                                                                                                 , Gujarat          , Chorasi Taluka               , 21.111          , 72.655          , 515.0      , Gas         ,             1995.0,             , False        , True      , False     , probable           , external_database_point
FAC_WRI_0089         , FARAKKA STPS                                                          , thermal_power_plant  , coal                                                                                  , NA                                                                                                                 , West Bengal      , Farakka                      , 24.772          , 87.894          , 2100.0     , Coal        ,             1995.0,             , False        , True      , False     , probable           , external_database_point
FAC_WRI_0090         , F_BAD CCGT                                                            , thermal_power_plant  , gas                                                                                   , NA                                                                                                                 , Haryana          , Ballabgarh                   , 28.3452         , 77.3615         , 431.586    , Gas         ,             1999.0,             , False        , True      , False     , probable           , external_database_point
FAC_WRI_0091         , G.I.P.C.L. GT                                                         , thermal_power_plant  , gas                                                                                   , NA                                                                                                                 , Gujarat          , Vadodara Rural Taluka        , 22.3758         , 73.1017         , 310.0      , Gas         ,             1994.0,             , False        , True      , False     , probable           , external_database_point
FAC_WRI_0092         , GADARWARA                                                             , thermal_power_plant  , coal                                                                                  , NA                                                                                                                 , Madhya Pradesh   , Gadarwara Tahsil             , 22.8618         , 78.8648         , 800.0      , Coal        ,             2018.0,             , False        , True      , False     , probable           , external_database_point
FAC_WRI_0093         , GADEPAN WORKS                                                         , thermal_power_plant  , gas                                                                                   , Chambal & chem                                                                                                     , Rajasthan        , Digod Tehsil                 , 25.1521         , 76.182          , 35.0       , Gas         ,                   ,             , False        , True      , False     , probable           , external_database_point
FAC_WRI_0094         , GAMA CCPP  Module - 1                                                 , thermal_power_plant  , gas                                                                                   , NA                                                                                                                 , Uttarakhand      , Kashipur                     , 29.1411         , 78.9632         , 225.0      , Gas         ,             2016.0,             , False        , True      , False     , probable           , external_database_point
FAC_WRI_0095         , GANDHAR GT                                                            , thermal_power_plant  , gas                                                                                   , NA                                                                                                                 , Gujarat          , Bharuch Taluka               , 21.8242         , 73.1136         , 648.0      , Gas         ,             1994.0,             , False        , True      , False     , probable           , external_database_point
FAC_WRI_0096         , GANDHI NAGAR                                                          , thermal_power_plant  , coal                                                                                  , NA                                                                                                                 , Rajasthan        , Jalor Tehsil                 , 25.2502         , 72.6765         , 630.0      , Coal        ,             1993.0,             , False        , True      , False     , probable           , external_database_point
FAC_WRI_0097         , GAUTAMI CCCP                                                          , thermal_power_plant  , gas                                                                                   , NA                                                                                                                 , Andhra Pradesh   , Samalkota                    , 17.0386         , 82.1286         , 468.57     , Gas         ,             2008.0,             , False        , True      , False     , probable           , external_database_point
FAC_WRI_0098         , GEPL                                                                  , thermal_power_plant  , coal                                                                                  , NA                                                                                                                 , Maharashtra      , Chandrapur Taluka            , 19.9324         , 79.104          , 120.0      , Coal        ,             2012.0,             , False        , True      , False     , probable           , external_database_point
FAC_WRI_0099         , GHTP (LEH.MOH.)                                                       , thermal_power_plant  , coal                                                                                  , NA                                                                                                                 , Punjab           , Bathinda Tahsil              , 30.2666         , 75.1661         , 920.0      , Coal        ,             2003.0,             , False        , True      , False     , probable           , external_database_point
FAC_WRI_0100         , GHUGUS LMEL                                                           , thermal_power_plant  , coal                                                                                  , Lloyds Industries ltd                                                                                              , Maharashtra      , Chandrapur Taluka            , 19.9306         , 79.12           , 30.0       , Coal        ,                   ,             , False        , True      , False     , probable           , external_database_point
FAC_WRI_0101         , GMR WARORA TPP                                                        , thermal_power_plant  , coal                                                                                  , NA                                                                                                                 , Maharashtra      , Warora Taluka                , 20.2723         , 78.9793         , 600.0      , Coal        ,             2013.0,             , False        , True      , False     , probable           , external_database_point
FAC_WRI_0102         , GODAVARI GT                                                           , thermal_power_plant  , gas                                                                                   , NA                                                                                                                 , Andhra Pradesh   , Kothapalle                   , 17.0587         , 82.3097         , 205.24     , Gas         ,             1997.0,             , False        , True      , False     , probable           , external_database_point
FAC_WRI_0103         , GOINDWAL SAHIB TPP                                                    , thermal_power_plant  , coal                                                                                  , NA                                                                                                                 , Punjab           , Khadur Sahib Tahsil          , 31.3841         , 75.1464         , 540.0      , Coal        ,             2016.0,             , False        , True      , False     , probable           , external_database_point
FAC_WRI_0104         , GRACE INDUSTRIES                                                      , thermal_power_plant  , coal                                                                                  , Grace Industries ltd                                                                                               , Maharashtra      , Chandrapur Taluka            , 20.0058         , 79.1845         , 25.0       , Coal        ,                   ,             , False        , True      , False     , probable           , external_database_point
FAC_WRI_0105         , GREL CCPP (RAJAMUNDRY)                                                , thermal_power_plant  , gas                                                                                   , NA                                                                                                                 , Andhra Pradesh   , Kadiam                       , 16.9248         , 81.8111         , 768.0      , Gas         ,             2015.0,             , False        , True      , False     , probable           , external_database_point
FAC_WRI_0106         , GULBARGA CEMENT                                                       , thermal_power_plant  , coal                                                                                  , Orient Cement ltd                                                                                                  , Karnataka        , Chitapura taluku             , 17.1084         , 77.1325         , 55.0       , Coal        ,                   ,             , False        , True      , False     , probable           , external_database_point
FAC_WRI_0107         , HALDIA                                                                , thermal_power_plant  , coal                                                                                  , NA                                                                                                                 , West Bengal      , Sutahata                     , 22.1042         , 88.1764         , 600.0      , Coal        ,             2015.0,             , False        , True      , False     , probable           , external_database_point
FAC_WRI_0108         , HAPURI MILL                                                           , thermal_power_plant  , biomass                                                                               , Jawahar Ssk ltd                                                                                                    , Maharashtra      , Hatkanangle                  , 16.6038         , 74.4045         , 24.0       , Biomass     ,                   ,             , False        , True      , False     , probable           , external_database_point
FAC_WRI_0109         , HAVALGA SUGAR                                                         , thermal_power_plant  , biomass                                                                               , Shree Sugars ltd                                                                                                   , Karnataka        , Afzalpura taluku             , 17.1202         , 76.4004         , 25.5       , Biomass     ,                   ,             , False        , True      , False     , probable           , external_database_point
FAC_WRI_0110         , HAZIRA CCCP                                                           , thermal_power_plant  , gas                                                                                   , NA                                                                                                                 , Gujarat          , Khambhalia Taluka            , 22.3256         , 69.7399         , 156.1      , Gas         ,             2001.0,             , False        , True      , False     , probable           , external_database_point
FAC_WRI_0111         , HAZIRA-GSECL                                                          , thermal_power_plant  , gas                                                                                   , NA                                                                                                                 , Gujarat          , Chorasi Taluka               , 21.1652         , 72.6613         , 351.43     , Gas         ,             2012.0,             , False        , True      , False     , probable           , external_database_point
FAC_WRI_0112         , HINGOLI MILL                                                          , thermal_power_plant  , biomass                                                                               , Purna Ssk ltd                                                                                                      , Maharashtra      , Basmath                      , 19.2829         , 77.1384         , 18.9       , Biomass     ,                   ,             , False        , True      , False     , probable           , external_database_point
FAC_WRI_0113         , HIRIYUR BIOMASS                                                       , thermal_power_plant  , biomass                                                                               , Rk Pvt ltd                                                                                                         , Karnataka        , Hiriyuru taluk               , 13.9808         , 76.6279         , 25.0       , Biomass     ,                   ,             , False        , True      , False     , probable           , external_database_point
FAC_WRI_0114         , H_GANJ B                                                              , thermal_power_plant  , coal                                                                                  , NA                                                                                                                 , Uttar Pradesh    , Koil                         , 28.0179         , 78.1326         , 605.0      , Coal        ,             2005.0,             , False        , True      , False     , probable           , external_database_point
FAC_WRI_0115         , I.B.VALLEY                                                            , thermal_power_plant  , coal                                                                                  , NA                                                                                                                 , Odisha           , Banaharapali                 , 21.6872         , 83.86           , 420.0      , Coal        ,             1994.0,             , False        , True      , False     , probable           , external_database_point
FAC_WRI_0116         , I.P.GT                                                                , thermal_power_plant  , gas                                                                                   , NA                                                                                                                 , Delhi            , South East Delhi             , 28.6194         , 77.2504         , 270.0      , Gas         ,             1989.0,             , False        , True      , False     , probable           , external_database_point
FAC_WRI_0117         , IEPL  BELA TPP                                                        , thermal_power_plant  , coal                                                                                  , NA                                                                                                                 , Maharashtra      , Umred                        , 20.8102         , 79.0556         , 270.0      , Coal        ,             2013.0,             , False        , True      , False     , probable           , external_database_point
FAC_WRI_0118         , IND BARATH TPP                                                        , thermal_power_plant  , coal                                                                                  , NA                                                                                                                 , Odisha           , Banaharapali                 , 21.658          , 83.92           , 350.0      , Coal        ,             2016.0,             , False        , True      , False     , probable           , external_database_point
FAC_WRI_0119         , INDIA POWER TPP(HALDIA  HIRANMAYE )                                   , thermal_power_plant  , coal                                                                                  , NA                                                                                                                 , West Bengal      , Haldia                       , 22.0774         , 88.0995         , 300.0      , Coal        ,             2017.0,             , False        , True      , False     , probable           , external_database_point
FAC_WRI_0120         , INDRA GANDHI STPP                                                     , thermal_power_plant  , coal                                                                                  , NA                                                                                                                 , Haryana          , Matenhail                    , 28.4849         , 76.3754         , 1500.0     , Coal        ,             2011.0,             , False        , True      , False     , probable           , external_database_point
FAC_WRI_0121         , ITPCL TPP                                                             , thermal_power_plant  , coal                                                                                  , NA                                                                                                                 , Tamil Nadu       , Bhuvanagiri                  , 11.5214         , 79.7515         , 1200.0     , Coal        ,             2015.0,             , False        , True      , False     , probable           , external_database_point
FAC_WRI_0122         , JAISALMER GODAWARI                                                    , thermal_power_plant  , biomass                                                                               , Godawari Energy ltd                                                                                                , Rajasthan        , Pokaran Tehsil               , 27.601          , 72.2242         , 50.0       , Biomass     ,                   ,             , False        , True      , False     , probable           , external_database_point
FAC_WRI_0123         , JALLIPPA KAPURDI TPP                                                  , thermal_power_plant  , coal                                                                                  , NA                                                                                                                 , Rajasthan        , Barmer Tehsil                , 25.8888         , 71.3236         , 1080.0     , Coal        ,             2011.0,             , False        , True      , False     , probable           , external_database_point
FAC_WRI_0124         , JAYKAYPURAM PLANT                                                     , thermal_power_plant  , coal                                                                                  , Jk Cement ltd                                                                                                      , Rajasthan        , Pindwara Tehsil              , 24.6963         , 73.0017         , 66.0       , Coal        ,                   ,             , False        , True      , False     , probable           , external_database_point
FAC_WRI_0125         , JAYPEE BELA CEMENT                                                    , thermal_power_plant  , coal                                                                                  , Jaypee Ltd jccl)                                                                                                   , Madhya Pradesh   , Huzur Tahsil                 , 24.5286         , 81.1698         , 63.5       , Coal        ,                   ,             , False        , True      , False     , probable           , external_database_point
FAC_WRI_0126         , JAYPEE REWA CEMENT                                                    , thermal_power_plant  , coal                                                                                  , Jaypee Ltd jccl)                                                                                                   , Madhya Pradesh   , Huzur Tahsil                 , 24.565          , 81.1748         , 54.5       , Coal        ,                   ,             , False        , True      , False     , probable           , external_database_point
FAC_WRI_0127         , JAYPEE SIDHI CEMENT                                                   , thermal_power_plant  , coal                                                                                  , Jaypee Ltd jccl)                                                                                                   , Madhya Pradesh   , Rampur Naikin Tahsil         , 24.3272         , 81.3293         , 155.0      , Coal        ,                   ,             , False        , True      , False     , probable           , external_database_point
FAC_WRI_0128         , JEGURUPADU GT                                                         , thermal_power_plant  , gas                                                                                   , NA                                                                                                                 , Andhra Pradesh   , Kadiam                       , 16.9312         , 81.86           , 445.674    , Gas         ,             2003.0,             , False        , True      , False     , probable           , external_database_point
FAC_WRI_0129         , JOJBERA                                                               , thermal_power_plant  , coal                                                                                  , NA                                                                                                                 , Jharkhand        , Golmuri-Cum-Jugsalai         , 22.7554         , 86.2491         , 427.5      , Coal        ,             2000.0,             , False        , True      , False     , probable           , external_database_point
FAC_WRI_0130         , KAHALGAON                                                             , thermal_power_plant  , coal                                                                                  , NA                                                                                                                 , Bihar            , Kahalgaon                    , 25.2349         , 87.2635         , 2340.0     , Coal        ,             2003.0,             , False        , True      , False     , probable           , external_database_point
FAC_WRI_0131         , KAKATIYA TPP                                                          , thermal_power_plant  , coal                                                                                  , NA                                                                                                                 , Telangana        , Ghanapur Mulug mandal        , 18.3835         , 79.8265         , 1100.0     , Coal        ,             2012.0,             , False        , True      , False     , probable           , external_database_point
FAC_WRI_0132         , KALLUR GRINDING                                                       , thermal_power_plant  , coal                                                                                  , Chettinad Corp ltd                                                                                                 , Karnataka        , Chincholi taluku             , 17.3821         , 77.4389         , 30.0       , Coal        ,                   ,             , False        , True      , False     , probable           , external_database_point
FAC_WRI_0133         , KAMAL SPONGE                                                          , thermal_power_plant  , coal                                                                                  , Kjs Ahluwalia group                                                                                                , Madhya Pradesh   , Raghurajnagar Nagareey Tahsil, 24.6266         , 80.831          , 12.0       , Coal        ,                   ,             , False        , True      , False     , probable           , external_database_point
FAC_WRI_0134         , KAMALANGA                                                             , thermal_power_plant  , coal                                                                                  , NA                                                                                                                 , Odisha           , Bhusan Steel Limited         , 20.87           , 85.2671         , 1050.0     , Coal        ,             2013.0,             , False        , True      , False     , probable           , external_database_point
FAC_WRI_0135         , KARAD MILL                                                            , thermal_power_plant  , biomass                                                                               , Ym Ssk ltd                                                                                                         , Maharashtra      , Karad                        , 17.1657         , 74.2459         , 16.0       , Biomass     ,                   ,             , False        , True      , False     , probable           , external_database_point
FAC_WRI_0136         , KARAIKAL                                                              , thermal_power_plant  , gas                                                                                   , NA                                                                                                                 , Puducherry       , Karaikal Taluk               , 10.9325         , 79.8216         , 32.5       , Gas         ,             2000.0,             , False        , True      , False     , probable           , external_database_point
FAC_WRI_0137         , KARUPPUR GT                                                           , thermal_power_plant  , gas                                                                                   , NA                                                                                                                 , Tamil Nadu       , Thiruvidaimarudur            , 11.1208         , 79.5287         , 119.8      , Gas         ,             2005.0,             , False        , True      , False     , probable           , external_database_point
FAC_WRI_0138         , KASAIPALLI                                                            , thermal_power_plant  , coal                                                                                  , NA                                                                                                                 , Chhattisgarh     , Katghora Tahsil              , 22.389          , 82.5549         , 270.0      , Coal        ,             2011.0,             , False        , True      , False     , probable           , external_database_point
FAC_WRI_0139         , KASARGODE DG                                                          , thermal_power_plant  , oil                                                                                   , NA                                                                                                                 , Kerala           , Kasaragod                    , 12.4837         , 74.9929         , 21.84      , Oil         ,             1998.0,             , False        , True      , False     , probable           , external_database_point
FAC_WRI_0140         , KASRAWAD FACTORY                                                      , thermal_power_plant  , coal                                                                                  , Maral Overseas ltd                                                                                                 , Madhya Pradesh   , Kasrawad Tahsil              , 22.1335         , 75.4568         , 10.0       , Coal        ,                   ,             , False        , True      , False     , probable           , external_database_point
FAC_WRI_0141         , KATHALGURI GT                                                         , thermal_power_plant  , gas                                                                                   , NA                                                                                                                 , Assam            , Tengakhat                    , 27.341          , 95.408          , 291.0      , Gas         ,             1996.0,             , False        , True      , False     , probable           , external_database_point
FAC_WRI_0142         , KAWAI TPP                                                             , thermal_power_plant  , coal                                                                                  , NA                                                                                                                 , Rajasthan        , Atru Tehsil                  , 24.7773         , 76.737          , 1320.0     , Coal        ,             2013.0,             , False        , True      , False     , probable           , external_database_point
FAC_WRI_0143         , KAWAS GT                                                              , thermal_power_plant  , gas                                                                                   , NA                                                                                                                 , Gujarat          , Chorasi Taluka               , 21.175          , 72.6879         , 645.0      , Gas         ,             1992.0,             , False        , True      , False     , probable           , external_database_point
FAC_WRI_0144         , KAYAM KULAM GT                                                        , thermal_power_plant  , gas                                                                                   , NA                                                                                                                 , Kerala           , Karthikappally               ,  9.2404         , 76.4283         , 350.0      , Gas         ,             1998.0,             , False        , True      , False     , probable           , external_database_point
FAC_WRI_0145         , KCSF SANGUR                                                           , thermal_power_plant  , biomass                                                                               , Gm Energy ltd                                                                                                      , Karnataka        , Haveri taluku                , 14.7753         , 75.3131         , 18.0       , Biomass     ,                   ,             , False        , True      , False     , probable           , external_database_point
FAC_WRI_0146         , KHAMBERKHERA IPP                                                      , thermal_power_plant  , coal                                                                                  , NA                                                                                                                 , Uttar Pradesh    , Lakhimpur                    , 28.017          , 80.8307         , 90.0       , Coal        ,             2011.0,             , False        , True      , False     , probable           , external_database_point
FAC_WRI_0147         , KHOPOLI WORKS                                                         , thermal_power_plant  , coal                                                                                  , Uttam Steels ltd                                                                                                   , Maharashtra      , Khalapur Taluka              , 18.7712         , 73.259          , 60.0       , Coal        ,                   ,             , False        , True      , False     , probable           , external_database_point
FAC_WRI_0148         , KM DODDI SUGAR                                                        , thermal_power_plant  , biomass                                                                               , Sri Sugars ltd                                                                                                     , Karnataka        , Madduru taluk                , 12.4806         , 77.0411         , 26.0       , Biomass     ,                   ,             , False        , True      , False     , probable           , external_database_point
FAC_WRI_0149         , KODERMA                                                               , thermal_power_plant  , coal                                                                                  , NA                                                                                                                 , Jharkhand        , Jainagar                     , 24.3858         , 85.5517         , 1000.0     , Coal        ,             2012.0,             , False        , True      , False     , probable           , external_database_point
FAC_WRI_0150         , KOJIKODE DG                                                           , thermal_power_plant  , oil                                                                                   , NA                                                                                                                 , Kerala           , Kozhikode                    , 11.2054         , 75.8067         , 96.0       , Oil         ,             1999.0,             , False        , True      , False     , probable           , external_database_point
FAC_WRI_0151         , KOLAGHAT                                                              , thermal_power_plant  , coal                                                                                  , NA                                                                                                                 , West Bengal      , Sahid Matangini              , 22.4157         , 87.8713         , 1260.0     , Coal        ,             1989.0,             , False        , True      , False     , probable           , external_database_point
FAC_WRI_0152         , KOLHAPUR HEMARUS                                                      , thermal_power_plant  , biomass                                                                               , Hemarus Technologies ltd                                                                                           , Maharashtra      , Chandgad                     , 16.0327         , 74.4583         , 20.0       , Biomass     ,                   ,             , False        , True      , False     , probable           , external_database_point
FAC_WRI_0153         , KOLHAPUR KAGAL                                                        , thermal_power_plant  , biomass                                                                               , Shri Vedganga ssk                                                                                                  , Maharashtra      , Kagal                        , 16.589          , 74.2993         , 20.0       , Biomass     ,                   ,             , False        , True      , False     , probable           , external_database_point
FAC_WRI_0154         , KOLHAPUR KUMBHI                                                       , thermal_power_plant  , biomass                                                                               , Kumbhi Ssk ltd                                                                                                     , Maharashtra      , Karvir                       , 16.689          , 74.1201         , 17.5       , Biomass     ,                   ,             , False        , True      , False     , probable           , external_database_point
FAC_WRI_0155         , KOLLEGAL SUGAR                                                        , thermal_power_plant  , biomass                                                                               , Bannari Sugars ltd                                                                                                 , Karnataka        , Nanjanagudu taluk            , 12.1056         , 76.7606         , 16.0       , Biomass     ,                   ,             , False        , True      , False     , probable           , external_database_point
FAC_WRI_0156         , KONASEEMA CCCP                                                        , thermal_power_plant  , gas                                                                                   , NA                                                                                                                 , Andhra Pradesh   , Ravulapalem                  , 16.7346         , 81.8622         , 445.0      , Gas         ,             2009.0,             , False        , True      , False     , probable           , external_database_point
FAC_WRI_0157         , KONDAPALLI GT                                                         , thermal_power_plant  , gas                                                                                   , NA                                                                                                                 , Andhra Pradesh   , G.Konduru                    , 16.64           , 80.5504         , 1458.0     , Gas         ,             2009.0,             , False        , True      , False     , probable           , external_database_point
FAC_WRI_0158         , KOPPA SUGAR                                                           , thermal_power_plant  , biomass                                                                               , Nsl Sugars ltd                                                                                                     , Karnataka        , Madduru taluk                , 12.702          , 76.9787         , 26.0       , Biomass     ,                   ,             , False        , True      , False     , probable           , external_database_point
FAC_WRI_0159         , KOPPAL HKMP                                                           , thermal_power_plant  , coal                                                                                  , Hare Pvt ltd                                                                                                       , Karnataka        , Koppala taluku               , 15.316          , 76.2507         , 12.0       , Coal        ,                   ,             , False        , True      , False     , probable           , external_database_point
FAC_WRI_0160         , KORADI                                                                , thermal_power_plant  , coal                                                                                  , NA                                                                                                                 , Maharashtra      , Kamptee Taluka               , 21.2414         , 79.096          , 2400.0     , Coal        ,             2009.0,             , False        , True      , False     , probable           , external_database_point
FAC_WRI_0161         , KORBA STPS                                                            , thermal_power_plant  , coal                                                                                  , NA                                                                                                                 , Chhattisgarh     , Katghora Tahsil              , 22.3881         , 82.6858         , 2600.0     , Coal        ,             1991.0,             , False        , True      , False     , probable           , external_database_point
FAC_WRI_0162         , KORBA-EAST                                                            , thermal_power_plant  , coal                                                                                  , NA                                                                                                                 , Chhattisgarh     , Korba Tahsil                 , 22.3828         , 82.7188         , 890.0      , Coal        ,             1991.0,             , False        , True      , False     , probable           , external_database_point
FAC_WRI_0163         , KORBA-WEST                                                            , thermal_power_plant  , coal                                                                                  , NA                                                                                                                 , Chhattisgarh     , Katghora Tahsil              , 22.4118         , 82.6888         , 1340.0     , Coal        ,             1995.0,             , False        , True      , False     , probable           , external_database_point
FAC_WRI_0164         , KOTA                                                                  , thermal_power_plant  , coal                                                                                  , NA                                                                                                                 , Rajasthan        , Ladpura Tehsil               , 25.1712         , 75.8171         , 1240.0     , Coal        ,             1993.0,             , False        , True      , False     , probable           , external_database_point
FAC_WRI_0165         , KOTA COMPLEX                                                          , thermal_power_plant  , coal                                                                                  , Dcm & chem                                                                                                         , Rajasthan        , Ladpura Tehsil               , 25.1386         , 75.8883         , 125.0      , Coal        ,                   ,             , False        , True      , False     , probable           , external_database_point
FAC_WRI_0166         , KOVILKALAPPAL                                                         , thermal_power_plant  , gas                                                                                   , NA                                                                                                                 , Tamil Nadu       , Mannargudi                   , 10.5415         , 79.4507         , 107.88     , Gas         ,             2001.0,             , False        , True      , False     , probable           , external_database_point
FAC_WRI_0167         , KUDGI                                                                 , thermal_power_plant  , coal                                                                                  , NA                                                                                                                 , Karnataka        , Kolahara Taluku              , 16.4994         , 75.8349         , 2400.0     , Coal        ,             2017.0,             , False        , True      , False     , probable           , external_database_point
FAC_WRI_0168         , KUNDARGI MILL                                                         , thermal_power_plant  , biomass                                                                               , Gem Sugars ltd                                                                                                     , Karnataka        , Bilagi                       , 16.2651         , 75.5302         , 16.5       , Biomass     ,                   ,             , False        , True      , False     , probable           , external_database_point
FAC_WRI_0169         , KUNDARKI TPP                                                          , thermal_power_plant  , coal                                                                                  , NA                                                                                                                 , Uttar Pradesh    , Gonda                        , 27.0786         , 82.0841         , 90.0       , Coal        ,             2012.0,             , False        , True      , False     , probable           , external_database_point
FAC_WRI_0170         , KUTCH LIG.                                                            , thermal_power_plant  , coal                                                                                  , NA                                                                                                                 , Gujarat          , Lakhpat Taluka               , 23.6626         , 68.7843         , 290.0      , Coal        ,             1996.0,             , False        , True      , False     , probable           , external_database_point
FAC_WRI_0171         , KUTTALAM GT                                                           , thermal_power_plant  , gas                                                                                   , NA                                                                                                                 , Tamil Nadu       , Kuthalam                     , 11.076          , 79.57           , 101.0      , Gas         ,             2003.0,             , False        , True      , False     , probable           , external_database_point
FAC_WRI_0172         , KYMORE                                                                , thermal_power_plant  , coal                                                                                  , Acc Acc ltd                                                                                                        , Madhya Pradesh   , Vijayraghavgarh Tahsil       , 24.0529         , 80.6144         , 50.0       , Coal        ,                   ,             , False        , True      , False     , probable           , external_database_point
FAC_WRI_0173         , K_GUDEM                                                               , thermal_power_plant  , coal                                                                                  , NA                                                                                                                 , Telangana        , Palvancha mandal             , 17.6219         , 80.6936         , 720.0      , Coal        ,             1972.0,             , False        , True      , False     , probable           , external_database_point
FAC_WRI_0174         , K_GUDEM NEW                                                           , thermal_power_plant  , coal                                                                                  , NA                                                                                                                 , Telangana        , Palvancha mandal             , 17.6219         , 80.6936         , 1800.0     , Coal        ,             2010.0,             , False        , True      , False     , probable           , external_database_point
FAC_WRI_0175         , K_KHEDA II                                                            , thermal_power_plant  , coal                                                                                  , NA                                                                                                                 , Maharashtra      , Savner                       , 21.2818         , 79.116          , 1340.0     , Coal        ,             2000.0,             , False        , True      , False     , probable           , external_database_point
FAC_WRI_0176         , LAKHERI CEMENT PLANT                                                  , thermal_power_plant  , coal                                                                                  , Acc Acc ltd                                                                                                        , Rajasthan        , Indargarh Tehsil             , 25.6732         , 76.1901         , 25.0       , Coal        ,                   ,             , False        , True      , False     , probable           , external_database_point
FAC_WRI_0177         , LAKWA GT                                                              , thermal_power_plant  , gas                                                                                   , NA                                                                                                                 , Assam            , Sonari                       , 27.0221         , 94.8833         , 211.955    , Gas         ,             2002.0,             , False        , True      , False     , probable           , external_database_point
FAC_WRI_0178         , LALITPUR TPP                                                          , thermal_power_plant  , coal                                                                                  , NA                                                                                                                 , Uttar Pradesh    , Mahroni Tehsil               , 24.7971         , 78.6463         , 1980.0     , Coal        ,             2015.0,             , False        , True      , False     , probable           , external_database_point
FAC_WRI_0179         , LARA                                                                  , thermal_power_plant  , coal                                                                                  , NA                                                                                                                 , Chhattisgarh     , Pusour Tahsil                , 21.757          , 83.4573         , 800.0      , Coal        ,             2018.0,             , False        , True      , False     , probable           , external_database_point
FAC_WRI_0180         , LODHIVALI                                                             , thermal_power_plant  , oil                                                                                   , Tata Co ltd                                                                                                        , Maharashtra      , Khalapur Taluka              , 18.9002         , 73.2032         , 40.0       , Oil         ,                   ,             , False        , True      , False     , probable           , external_database_point
FAC_WRI_0181         , LOKMANGAL SUGAR ETHANOL                                               , thermal_power_plant  , biomass                                                                               , Lokmangal Lokmangal group                                                                                          , Maharashtra      , Solapur South                , 17.4462         , 75.7161         , 31.5       , Biomass     ,                   ,             , False        , True      , False     , probable           , external_database_point
FAC_WRI_0182         , MAHADEV PRASAD STPP                                                   , thermal_power_plant  , coal                                                                                  , NA                                                                                                                 , Jharkhand        , Adityapur(Gamharia)          , 22.8395         , 86.0613         , 540.0      , Coal        ,             2012.0,             , False        , True      , False     , probable           , external_database_point
FAC_WRI_0183         , MAHAN TPP                                                             , thermal_power_plant  , coal                                                                                  , NA                                                                                                                 , Madhya Pradesh   , Mada Tahsil                  , 24.0077         , 82.4172         , 1200.0     , Coal        ,             2015.0,             , False        , True      , False     , probable           , external_database_point
FAC_WRI_0184         , MAHATMA GANDHI TPP                                                    , thermal_power_plant  , coal                                                                                  , NA                                                                                                                 , Haryana          , Matenhail                    , 28.49           , 76.351          , 1320.0     , Coal        ,             2012.0,             , False        , True      , False     , probable           , external_database_point
FAC_WRI_0185         , MAHATMA SUGAR                                                         , thermal_power_plant  , biomass                                                                               , Mahatma Power ltd                                                                                                  , Maharashtra      , Seloo                        , 20.8558         , 78.5814         , 15.0       , Biomass     ,                   ,             , False        , True      , False     , probable           , external_database_point
FAC_WRI_0186         , MAHUL REFINERY                                                        , thermal_power_plant  , oil                                                                                   , Bharat Corp ltd                                                                                                    , Maharashtra      , Mumbai Suburban District     , 19.0162         , 72.8963         , 22.0       , Oil         ,                   ,             , False        , True      , False     , probable           , external_database_point
FAC_WRI_0187         , MAIHAR CEMENT PLANT                                                   , thermal_power_plant  , coal                                                                                  , Maihar Cement ltd                                                                                                  , Madhya Pradesh   , Maihar Tahsil                , 24.2021         , 80.7997         , 31.4       , Coal        ,                   ,             , False        , True      , False     , probable           , external_database_point
FAC_WRI_0188         , MANGALORE REFINERY                                                    , thermal_power_plant  , gas                                                                                   , Mangalore & petrochem                                                                                              , Karnataka        , Mangaluru taluk              , 12.9821         , 74.8496         , 166.5      , Gas         ,                   ,             , False        , True      , False     , probable           , external_database_point
FAC_WRI_0189         , MANGAON CCPP                                                          , thermal_power_plant  , gas                                                                                   , NA                                                                                                                 , Maharashtra      , Mangaon Taluka               , 18.3879         , 73.3529         , 388.0      , Gas         ,             2016.0,             , False        , True      , False     , probable           , external_database_point
FAC_WRI_0190         , MANGLAM CEMENT                                                        , thermal_power_plant  , coal                                                                                  , Manglam Cement ltd                                                                                                 , Rajasthan        , Ramganj Mandi Tehsil         , 24.7176         , 75.9522         , 25.0       , Coal        ,                   ,             , False        , True      , False     , probable           , external_database_point
FAC_WRI_0191         , MANIKGARH CEMENT                                                      , thermal_power_plant  , coal                                                                                  , Manikgarh Manikgarh cement                                                                                         , Maharashtra      , Korpana Taluka               , 19.7235         , 79.1761         , 50.0       , Coal        ,                   ,             , False        , True      , False     , probable           , external_database_point
FAC_WRI_0192         , MARATHA CEMENT PLANT                                                  , thermal_power_plant  , coal                                                                                  , Ambuja Cements ltd                                                                                                 , Maharashtra      , Rajura Taluka                , 19.703          , 79.2206         , 45.0       , Coal        ,                   ,             , False        , True      , False     , probable           , external_database_point
FAC_WRI_0193         , MARWA TPP                                                             , thermal_power_plant  , coal                                                                                  , NA                                                                                                                 , Chhattisgarh     , Janjgir Tahsil               , 22.0708         , 82.6022         , 1000.0     , Coal        ,             2015.0,             , False        , True      , False     , probable           , external_database_point
FAC_WRI_0194         , MEJA STPP                                                             , thermal_power_plant  , coal                                                                                  , NA                                                                                                                 , Uttar Pradesh    , Meja                         , 25.1447         , 81.9415         , 660.0      , Coal        ,             2018.0,             , False        , True      , False     , probable           , external_database_point
FAC_WRI_0195         , MELAMARUTHUR (MUTHIARA)                                               , thermal_power_plant  , coal                                                                                  , NA                                                                                                                 , Tamil Nadu       , Ottapidaram                  ,  8.9159         , 78.1374         , 1200.0     , Coal        ,             2015.0,             , False        , True      , False     , probable           , external_database_point
FAC_WRI_0196         , METTUR                                                                , thermal_power_plant  , coal                                                                                  , NA                                                                                                                 , Tamil Nadu       , Mettur                       , 11.7696         , 77.8138         , 840.0      , Coal        ,             1988.0,             , False        , True      , False     , probable           , external_database_point
FAC_WRI_0197         , METTUR TPS EXT                                                        , thermal_power_plant  , coal                                                                                  , NA                                                                                                                 , Tamil Nadu       , Mettur                       , 11.7696         , 77.8138         , 600.0      , Coal        ,             2012.0,             , False        , True      , False     , probable           , external_database_point
FAC_WRI_0198         , MIHAN TPP                                                             , thermal_power_plant  , coal                                                                                  , NA                                                                                                                 , Maharashtra      , Hingna                       , 21.0377         , 78.9334         , 246.0      , Coal        ,             2010.0,             , False        , True      , False     , probable           , external_database_point
FAC_WRI_0199         , MONARCHAK CCPP                                                        , thermal_power_plant  , gas                                                                                   , NA                                                                                                                 , Tripura          , Sonamura                     , 23.438          , 91.274          , 101.0      , Gas         ,             2015.0,             , False        , True      , False     , probable           , external_database_point
FAC_WRI_0200         , MORDI PLANT                                                           , thermal_power_plant  , coal                                                                                  , Rswm Rswm ltd                                                                                                      , Rajasthan        , Banswara Tehsil              , 23.5496         , 74.4072         , 46.0       , Coal        ,                   ,             , False        , True      , False     , probable           , external_database_point
FAC_WRI_0201         , MOUDA STPS                                                            , thermal_power_plant  , coal                                                                                  , NA                                                                                                                 , Maharashtra      , Mauda Taluka                 , 21.1797         , 79.3978         , 2320.0     , Coal        ,             2014.0,             , False        , True      , False     , probable           , external_database_point
FAC_WRI_0202         , MUDHOL CEMENT                                                         , thermal_power_plant  , coal                                                                                  , Jk Cement ltd                                                                                                      , Karnataka        , Mudhola taluku               , 16.2017         , 75.3005         , 50.0       , Coal        ,                   ,             , False        , True      , False     , probable           , external_database_point
FAC_WRI_0203         , MUL GRETA                                                             , thermal_power_plant  , coal                                                                                  , Greta Energy ltd                                                                                                   , Maharashtra      , Mul Taluka                   , 20.0805         , 79.7148         , 15.0       , Coal        ,                   ,             , False        , True      , False     , probable           , external_database_point
FAC_WRI_0204         , MUMBAI BPCL                                                           , thermal_power_plant  , gas                                                                                   , Bharat Corp ltd                                                                                                    , Maharashtra      , Mumbai Suburban District     , 19.016          , 72.8948         , 31.2       , Gas         ,                   ,             , False        , True      , False     , probable           , external_database_point
FAC_WRI_0205         , MUMBAI JINDAL                                                         , thermal_power_plant  , oil                                                                                   , Jsw Steel ltd                                                                                                      , Maharashtra      , Murud Taluka                 , 18.5309         , 72.9465         , 25.2       , Oil         ,                   ,             , False        , True      , False     , probable           , external_database_point
FAC_WRI_0206         , MUMBAI ONGC                                                           , thermal_power_plant  , gas                                                                                   , Ongc Gas corp                                                                                                      , Maharashtra      , Mumbai Suburban District     , 18.9988         , 72.8997         , 75.0       , Gas         ,                   ,             , False        , True      , False     , probable           , external_database_point
FAC_WRI_0207         , MUNDRA UMPP                                                           , thermal_power_plant  , coal                                                                                  , NA                                                                                                                 , Gujarat          , Mundra Taluka                , 22.8158         , 69.5281         , 4000.0     , Coal        ,             2012.0,             , False        , True      , False     , probable           , external_database_point
FAC_WRI_0208         , MUNOLI DISTILLERY                                                     , thermal_power_plant  , biomass                                                                               , Shree Sugars ltd                                                                                                   , Karnataka        , Savadatti taluku             , 15.8555         , 75.1002         , 11.2       , Biomass     ,                   ,             , False        , True      , False     , probable           , external_database_point
FAC_WRI_0209         , MURBAD PLANT                                                          , thermal_power_plant  , coal                                                                                  , Technocraft Technocraft group                                                                                      , Maharashtra      , Murbad Subdistrict           , 19.261          , 73.3638         , 15.0       , Coal        ,                   ,             , False        , True      , False     , probable           , external_database_point
FAC_WRI_0210         , MUZAFFARPUR                                                           , thermal_power_plant  , coal                                                                                  , NA                                                                                                                 , Bihar            , Kanti                        , 26.1953         , 85.3017         , 610.0      , Coal        ,             2005.0,             , False        , True      , False     , probable           , external_database_point
FAC_WRI_0211         , NABI NAGAR TPP                                                        , thermal_power_plant  , coal                                                                                  , NA                                                                                                                 , Bihar            , Nabinagar                    , 24.7754         , 84.1588         , 750.0      , Coal        ,             2017.0,             , False        , True      , False     , probable           , external_database_point
FAC_WRI_0212         , NAGDA GRASIM                                                          , thermal_power_plant  , coal                                                                                  , Grasim Industries ltd                                                                                              , Madhya Pradesh   , Nagda Tahsil                 , 23.4469         , 75.408          , 45.5       , Coal        ,                   ,             , False        , True      , False     , probable           , external_database_point
FAC_WRI_0213         , NAGOTHANE COMPLEX                                                     , thermal_power_plant  , oil                                                                                   , Reliance Reliance petrochemicals                                                                                   , Maharashtra      , Khalapur Taluka              , 18.8829         , 73.1862         , 78.9       , Oil         ,                   ,             , False        , True      , False     , probable           , external_database_point
FAC_WRI_0214         , NAGPUR GMT                                                            , thermal_power_plant  , biomass                                                                               , Gmt Pvt ltd                                                                                                        , Maharashtra      , Kuhi Taluka                  , 21.0582         , 79.485          , 10.0       , Biomass     ,                   ,             , False        , True      , False     , probable           , external_database_point
FAC_WRI_0215         , NAGPUR MILL                                                           , thermal_power_plant  , biomass                                                                               , Purti Sugar ltd                                                                                                    , Maharashtra      , Umred                        , 20.8062         , 79.0548         , 18.9       , Biomass     ,                   ,             , False        , True      , False     , probable           , external_database_point
FAC_WRI_0216         , NAGPUR SPONGE IRON                                                    , thermal_power_plant  , coal                                                                                  , Topworth Metals ltd                                                                                                , Maharashtra      , Umred                        , 20.9276         , 79.2455         , 65.0       , Coal        ,                   ,             , False        , True      , False     , probable           , external_database_point
FAC_WRI_0217         , NAMRUP GT                                                             , thermal_power_plant  , gas                                                                                   , NA                                                                                                                 , Assam            , Naharkatiya                  , 27.1858         , 95.376          , 161.75     , Gas         ,             1990.0,             , False        , True      , False     , probable           , external_database_point
FAC_WRI_0218         , NARASINGPUR                                                           , thermal_power_plant  , biomass                                                                               , Orient Power ltd                                                                                                   , Madhya Pradesh   , Gadarwara Tahsil             , 22.9649         , 78.8132         , 10.0       , Biomass     ,                   ,             , False        , True      , False     , probable           , external_database_point
FAC_WRI_0219         , NASIK                                                                 , thermal_power_plant  , coal                                                                                  , NA                                                                                                                 , Maharashtra      , Nashik Subdistrict           , 19.9817         , 73.8896         , 630.0      , Coal        ,             1980.0,             , False        , True      , False     , probable           , external_database_point
FAC_WRI_0220         , NASIK SINNAR                                                          , thermal_power_plant  , coal                                                                                  , Rattanindia Power ltd                                                                                              , Maharashtra      , Sinnar Taluka                , 19.8658         , 74.0835         , 270.0      , Coal        ,                   ,             , False        , True      , False     , probable           , external_database_point
FAC_WRI_0221         , NASIK TPP  PH 1                                                       , thermal_power_plant  , coal                                                                                  , NA                                                                                                                 , Maharashtra      , Nashik Subdistrict           , 19.9817         , 73.8896         , 1350.0     , Coal        ,             2016.0,             , False        , True      , False     , probable           , external_database_point
FAC_WRI_0222         , NAWAPARA                                                              , thermal_power_plant  , coal                                                                                  , NA                                                                                                                 , Chhattisgarh     , Raigarh Tahsil               , 21.92           , 83.2788         , 600.0      , Coal        ,             2016.0,             , False        , True      , False     , probable           , external_database_point
FAC_WRI_0223         , NEPANAGAR MILL                                                        , thermal_power_plant  , coal                                                                                  , National And paper                                                                                                 , Madhya Pradesh   , Nepanagar Tahsil             , 21.4504         , 76.4014         , 12.27      , Coal        ,                   ,             , False        , True      , False     , probable           , external_database_point
FAC_WRI_0224         , NEYVELI FST EXT                                                       , thermal_power_plant  , coal                                                                                  , NA                                                                                                                 , Tamil Nadu       , Virudhachalam                , 11.5887         , 79.4611         , 420.0      , Coal        ,             2002.0,             , False        , True      , False     , probable           , external_database_point
FAC_WRI_0225         , NEYVELI ST I                                                          , thermal_power_plant  , coal                                                                                  , NA                                                                                                                 , Tamil Nadu       , Panruti                      , 11.5893         , 79.4704         , 600.0      , Coal        ,             1966.0,             , False        , True      , False     , probable           , external_database_point
FAC_WRI_0226         , NEYVELI ST II                                                         , thermal_power_plant  , coal                                                                                  , NA                                                                                                                 , Tamil Nadu       , Virudhachalam                , 11.5576         , 79.4417         , 1470.0     , Coal        ,             1989.0,             , False        , True      , False     , probable           , external_database_point
FAC_WRI_0227         , NEYVELI TPS EXP -II                                                   , thermal_power_plant  , coal                                                                                  , NA                                                                                                                 , Tamil Nadu       , Virudhachalam                , 11.5534         , 79.4408         , 500.0      , Coal        ,             2013.0,             , False        , True      , False     , probable           , external_database_point
FAC_WRI_0228         , NEYVELI TPS(Z)                                                        , thermal_power_plant  , coal                                                                                  , NA                                                                                                                 , Tamil Nadu       , Virudhachalam                , 11.5401         , 79.4159         , 250.0      , Coal        ,             2002.0,             , False        , True      , False     , probable           , external_database_point
FAC_WRI_0229         , NIGRI                                                                 , thermal_power_plant  , coal                                                                                  , NA                                                                                                                 , Madhya Pradesh   , Sarai Tahsil                 , 24.15           , 81.9045         , 1320.0     , Coal        ,             2014.0,             , False        , True      , False     , probable           , external_database_point
FAC_WRI_0230         , NIMBAHERA JK CEMENT                                                   , thermal_power_plant  , coal                                                                                  , Jk Cement ltd                                                                                                      , Rajasthan        , Nimbahera Tehsil             , 24.6428         , 74.6843         , 33.2       , Coal        ,                   ,             , False        , True      , False     , probable           , external_database_point
FAC_WRI_0231         , NITIN PLANT                                                           , thermal_power_plant  , coal                                                                                  , Nitin Spinners ltd                                                                                                 , Rajasthan        , Hameergarh Tehsil            , 25.2042         , 74.6092         , 10.5       , Coal        ,                   ,             , False        , True      , False     , probable           , external_database_point
FAC_WRI_0232         , NORTH CHENNAI                                                         , thermal_power_plant  , coal                                                                                  , NA                                                                                                                 , Tamil Nadu       , Ponneri                      , 13.245          , 80.3257         , 630.0      , Coal        ,             1995.0,             , False        , True      , False     , probable           , external_database_point
FAC_WRI_0233         , NORTH CHENNAI EXTENSION                                               , thermal_power_plant  , coal                                                                                  , NA                                                                                                                 , Tamil Nadu       , Ponneri                      , 13.245          , 80.3257         , 1200.0     , Coal        ,             2013.0,             , False        , True      , False     , probable           , external_database_point
FAC_WRI_0234         , OBRA-A                                                                , thermal_power_plant  , coal                                                                                  , NA                                                                                                                 , Uttar Pradesh    , Robertsganj                  , 24.4448         , 82.9803         , 1094.0     , Coal        ,             1979.0,             , False        , True      , False     , probable           , external_database_point
FAC_WRI_0235         , P.NALLUR CCGT                                                         , thermal_power_plant  , gas                                                                                   , NA                                                                                                                 , Tamil Nadu       , Tharangambadi                , 11.0749         , 79.834          , 330.5      , Gas         ,             2001.0,             , False        , True      , False     , probable           , external_database_point
FAC_WRI_0236         , PAGUTHAN                                                              , thermal_power_plant  , gas                                                                                   , NA                                                                                                                 , Gujarat          , Bharuch Taluka               , 21.78           , 72.979          , 655.0      , Gas         ,             1997.0,             , False        , True      , False     , probable           , external_database_point
FAC_WRI_0237         , PAINAMPURAM                                                           , thermal_power_plant  , coal                                                                                  , NA                                                                                                                 , Andhra Pradesh   , Thotapalligudur              , 14.3512         , 80.1431         , 1320.0     , Coal        ,             2015.0,             , False        , True      , False     , probable           , external_database_point
FAC_WRI_0238         , PALATANA CCPP                                                         , thermal_power_plant  , gas                                                                                   , NA                                                                                                                 , Tripura          , Udaipur                      , 23.4987         , 91.4385         , 726.6      , Gas         ,             2013.0,             , False        , True      , False     , probable           , external_database_point
FAC_WRI_0239         , PAMPORE GT                                                            , thermal_power_plant  , oil                                                                                   , NA                                                                                                                 , Jammu and Kashmir, Pampore                      , 34.004          , 74.9175         , 175.0      , Oil         ,             1992.0,             , False        , True      , False     , probable           , external_database_point
FAC_WRI_0240         , PANIPAT                                                               , thermal_power_plant  , coal                                                                                  , NA                                                                                                                 , Haryana          , Matlauda                     , 29.3975         , 76.8763         , 920.0      , Coal        ,             2000.0,             , False        , True      , False     , probable           , external_database_point
FAC_WRI_0241         , PARAS                                                                 , thermal_power_plant  , coal                                                                                  , NA                                                                                                                 , Maharashtra      , Balapur                      , 20.7147         , 76.7948         , 500.0      , Coal        ,             2009.0,             , False        , True      , False     , probable           , external_database_point
FAC_WRI_0242         , PARBHANI GANGAKHED                                                    , thermal_power_plant  , biomass                                                                               , Gangakhed Energy ltd                                                                                               , Maharashtra      , Gangakhed                    , 18.9057         , 76.7282         , 30.0       , Biomass     ,                   ,             , False        , True      , False     , probable           , external_database_point
FAC_WRI_0243         , PARICHA                                                               , thermal_power_plant  , coal                                                                                  , NA                                                                                                                 , Uttar Pradesh    , Jhansi                       , 25.5124         , 78.7588         , 1140.0     , Coal        ,             2004.0,             , False        , True      , False     , probable           , external_database_point
FAC_WRI_0244         , PARLI                                                                 , thermal_power_plant  , coal                                                                                  , NA                                                                                                                 , Maharashtra      , Parli                        , 18.8685         , 76.5254         , 1170.0     , Coal        ,             2002.0,             , False        , True      , False     , probable           , external_database_point
FAC_WRI_0245         , PATALGANGA                                                            , thermal_power_plant  , gas                                                                                   , Reliance Ltd ril)                                                                                                  , Maharashtra      , Khalapur Taluka              , 18.8834         , 73.1814         , 66.0       , Gas         ,                   ,             , False        , True      , False     , probable           , external_database_point
FAC_WRI_0246         , PATHADI TPS PH -I                                                     , thermal_power_plant  , coal                                                                                  , NA                                                                                                                 , Chhattisgarh     , Korba Tahsil                 , 22.2454         , 82.7246         , 600.0      , Coal        ,             2009.0,             , False        , True      , False     , probable           , external_database_point
FAC_WRI_0247         , PEDDAPURAM CCGT(Samalkot)                                             , thermal_power_plant  , gas                                                                                   , NA                                                                                                                 , Andhra Pradesh   , Peddapuram                   , 17.0853         , 82.1283         , 220.0      , Gas         ,             2002.0,             , False        , True      , False     , probable           , external_database_point
FAC_WRI_0248         , PIPAVAV CCCP                                                          , thermal_power_plant  , gas                                                                                   , NA                                                                                                                 , Gujarat          , Rajula Taluka                , 20.8986         , 71.4693         , 702.86     , Gas         ,             2013.0,             , False        , True      , False     , probable           , external_database_point
FAC_WRI_0249         , PRAGATI CCCP -III                                                     , thermal_power_plant  , gas                                                                                   , NA                                                                                                                 , Delhi            , Outer North Delhi            , 28.7962         , 77.0706         , 1371.2     , Gas         ,             2012.0,             , False        , True      , False     , probable           , external_database_point
FAC_WRI_0250         , PRAGATI CCGT                                                          , thermal_power_plant  , gas                                                                                   , NA                                                                                                                 , Delhi            , South East Delhi             , 28.6146         , 77.2528         , 330.0      , Gas         ,             2002.0,             , False        , True      , False     , probable           , external_database_point
FAC_WRI_0251         , PRYAGRAJ (BARA) TPP                                                   , thermal_power_plant  , coal                                                                                  , NA                                                                                                                 , Uttar Pradesh    , Bara                         , 25.196          , 81.6594         , 1980.0     , Coal        ,             2016.0,             , False        , True      , False     , probable           , external_database_point
FAC_WRI_0252         , PUNE MILL                                                             , thermal_power_plant  , coal                                                                                  , Sinarmas Paper ltd                                                                                                 , Maharashtra      , Indapur                      , 18.2417         , 74.7531         , 30.0       , Coal        ,                   ,             , False        , True      , False     , probable           , external_database_point
FAC_WRI_0253         , RABRIYAWAS CEMENT                                                     , thermal_power_plant  , coal                                                                                  , Ambuja Cements ltd                                                                                                 , Rajasthan        , Jaitaran Tehsil              , 26.2984         , 74.1234         , 18.7       , Coal        ,                   ,             , False        , True      , False     , probable           , external_database_point
FAC_WRI_0254         , RAGHUNATHPUR TPP PH-I                                                 , thermal_power_plant  , coal                                                                                  , NA                                                                                                                 , West Bengal      , Neturia                      , 23.622          , 86.661          , 1200.0     , Coal        ,             2015.0,             , False        , True      , False     , probable           , external_database_point
FAC_WRI_0255         , RAICHUR                                                               , thermal_power_plant  , coal                                                                                  , NA                                                                                                                 , Karnataka        , Rayachuru taluku             , 16.3532         , 77.3422         , 1720.0     , Coal        ,             1996.0,             , False        , True      , False     , probable           , external_database_point
FAC_WRI_0256         , RAICHUR STEEL                                                         , thermal_power_plant  , coal                                                                                  , Surana Industries ltd                                                                                              , Karnataka        , Rayachuru taluku             , 16.3027         , 77.3608         , 35.0       , Coal        ,                   ,             , False        , True      , False     , probable           , external_database_point
FAC_WRI_0257         , RAIGARH TPP                                                           , thermal_power_plant  , coal                                                                                  , NA                                                                                                                 , Chhattisgarh     , Kharsia Tahsil               , 21.9846         , 83.2331         , 1000.0     , Coal        ,             2007.0,             , False        , True      , False     , probable           , external_database_point
FAC_WRI_0258         , RAIKHEDA                                                              , thermal_power_plant  , coal                                                                                  , NA                                                                                                                 , Chhattisgarh     , Tilda Tahsil                 , 21.4499         , 81.8525         , 1370.0     , Coal        ,             2015.0,             , False        , True      , False     , probable           , external_database_point
FAC_WRI_0259         , RAJASHREE CEMENT                                                      , thermal_power_plant  , coal                                                                                  , Grasim Cement ltd                                                                                                  , Karnataka        , Sedam taluku                 , 17.1427         , 77.1749         , 38.5       , Coal        ,                   ,             , False        , True      , False     , probable           , external_database_point
FAC_WRI_0260         , RAJGHAT                                                               , thermal_power_plant  , coal                                                                                  , NA                                                                                                                 , Delhi            , South East Delhi             , 28.6361         , 77.2542         , 135.0      , Coal        ,             1990.0,             , False        , True      , False     , probable           , external_database_point
FAC_WRI_0261         , RAJIV GANDHI  TPS HISAR                                               , thermal_power_plant  , coal                                                                                  , NA                                                                                                                 , Haryana          , Barwala                      , 29.356          , 75.869          , 1200.0     , Coal        ,             2010.0,             , False        , True      , False     , probable           , external_database_point
FAC_WRI_0262         , RAJPURA DARIBA MINE                                                   , thermal_power_plant  , coal                                                                                  , Hindustan Zinc ltd                                                                                                 , Rajasthan        , Railmagra Tehsil             , 24.9643         , 74.1197         , 160.0      , Coal        ,                   ,             , False        , True      , False     , probable           , external_database_point
FAC_WRI_0263         , RAJPURA TPP                                                           , thermal_power_plant  , coal                                                                                  , NA                                                                                                                 , Punjab           , Rajpura Tahsil               , 30.557          , 76.577          , 1400.0     , Coal        ,             2014.0,             , False        , True      , False     , probable           , external_database_point
FAC_WRI_0264         , RAMANAGARAM MILL                                                      , thermal_power_plant  , biomass                                                                               , Spr Pvt ltd                                                                                                        , Karnataka        , Ramanagara taluk             , 12.7145         , 77.4524         , 11.0       , Biomass     ,                   ,             , False        , True      , False     , probable           , external_database_point
FAC_WRI_0265         , RAMGARH GT                                                            , thermal_power_plant  , gas                                                                                   , NA                                                                                                                 , Rajasthan        , Jaisalmer Tehsil             , 27.336          , 70.538          , 270.5      , Gas         ,             2008.0,             , False        , True      , False     , probable           , external_database_point
FAC_WRI_0266         , RANJANI MILL                                                          , thermal_power_plant  , biomass                                                                               , Natural Alliend indust                                                                                             , Maharashtra      , Kalamb                       , 18.5354         , 76.245          , 12.5       , Biomass     ,                   ,             , False        , True      , False     , probable           , external_database_point
FAC_WRI_0267         , RAS CEMENT PLANT                                                      , thermal_power_plant  , coal                                                                                  , Shree Cement ltd                                                                                                   , Rajasthan        , Jaitaran Tehsil              , 26.263          , 74.1878         , 36.0       , Coal        ,                   ,             , False        , True      , False     , probable           , external_database_point
FAC_WRI_0268         , RATIJA TPP                                                            , thermal_power_plant  , coal                                                                                  , NA                                                                                                                 , Chhattisgarh     , Pali Tahsil                  , 22.3404         , 82.493          , 100.0      , Coal        ,             2014.0,             , False        , True      , False     , probable           , external_database_point
FAC_WRI_0269         , RATNAGIRI GAS                                                         , thermal_power_plant  , gas                                                                                   , NA                                                                                                                 , Maharashtra      , Guhagar Taluka               , 17.5587         , 73.167          , 1967.08    , Gas         ,             2003.0,             , False        , True      , False     , probable           , external_database_point
FAC_WRI_0270         , RAYAL SEEMA                                                           , thermal_power_plant  , coal                                                                                  , NA                                                                                                                 , Andhra Pradesh   , Yerraguntla                  , 14.704          , 78.4577         , 1650.0     , Coal        ,             2008.0,             , False        , True      , False     , probable           , external_database_point
FAC_WRI_0271         , RELIANCE ENERGY                                                       , thermal_power_plant  , gas                                                                                   , NA                                                                                                                 , Goa              , Mormugao                     , 15.3771         , 73.877          , 48.0       , Gas         ,             1999.0,             , False        , True      , False     , probable           , external_database_point
FAC_WRI_0272         , RIHAND                                                                , thermal_power_plant  , coal                                                                                  , NA                                                                                                                 , Uttar Pradesh    , Dudhi                        , 24.027          , 82.7915         , 3000.0     , Coal        ,             2002.0,             , False        , True      , False     , probable           , external_database_point
FAC_WRI_0273         , RITHALA CCCP                                                          , thermal_power_plant  , gas                                                                                   , NA                                                                                                                 , Delhi            , Outer North Delhi            , 28.7327         , 77.1016         , 94.8       , Gas         ,             2010.0,             , False        , True      , False     , probable           , external_database_point
FAC_WRI_0274         , ROKHIA GT                                                             , thermal_power_plant  , gas                                                                                   , NA                                                                                                                 , Tripura          , Sonamura                     , 23.626          , 91.1948         , 63.0       , Gas         ,             2007.0,             , False        , True      , False     , probable           , external_database_point
FAC_WRI_0275         , ROPAR                                                                 , thermal_power_plant  , coal                                                                                  , NA                                                                                                                 , Punjab           , Rupnagar Tahsil              , 31.0417         , 76.5847         , 840.0      , Coal        ,             1990.0,             , False        , True      , False     , probable           , external_database_point
FAC_WRI_0276         , ROSA TPP PH - 1                                                       , thermal_power_plant  , coal                                                                                  , NA                                                                                                                 , Uttar Pradesh    , Shahjahanpur                 , 27.818          , 79.936          , 1200.0     , Coal        ,             2010.0,             , False        , True      , False     , probable           , external_database_point
FAC_WRI_0277         , R_GUNDEM - B                                                          , thermal_power_plant  , coal                                                                                  , NA                                                                                                                 , Telangana        , Ramagundam mandal            , 18.7695         , 79.4494         , 62.5       , Coal        ,             1970.0,             , False        , True      , False     , probable           , external_database_point
FAC_WRI_0278         , R_GUNDEM STPS                                                         , thermal_power_plant  , coal                                                                                  , NA                                                                                                                 , Telangana        , Ramagundam mandal            , 18.7572         , 79.456          , 2600.0     , Coal        ,             1990.0,             , False        , True      , False     , probable           , external_database_point
FAC_WRI_0279         , SAGARDIGHI TPP                                                        , thermal_power_plant  , coal                                                                                  , NA                                                                                                                 , West Bengal      , Sagardighi                   , 24.3696         , 88.1046         , 1600.0     , Coal        ,             2012.0,             , False        , True      , False     , probable           , external_database_point
FAC_WRI_0280         , SAHAKAR SHIROMANI                                                     , thermal_power_plant  , biomass                                                                               , Sahakar Shiromani vasantrao                                                                                        , Maharashtra      , Pandharpur                   , 17.708          , 75.1361         , 18.0       , Biomass     ,                   ,             , False        , True      , False     , probable           , external_database_point
FAC_WRI_0281         , SALAYA TPP                                                            , thermal_power_plant  , coal                                                                                  , NA                                                                                                                 , Gujarat          , Khambhalia Taluka            , 22.3049         , 69.7101         , 1200.0     , Coal        ,             2012.0,             , False        , True      , False     , probable           , external_database_point
FAC_WRI_0282         , SALORA                                                                , thermal_power_plant  , coal                                                                                  , NA                                                                                                                 , Chhattisgarh     , Katghora Tahsil              , 22.49           , 82.6062         , 135.0      , Coal        ,             2014.0,             , False        , True      , False     , probable           , external_database_point
FAC_WRI_0283         , SAMALPATTI DG                                                         , thermal_power_plant  , oil                                                                                   , NA                                                                                                                 , Tamil Nadu       , Pochampalli                  , 12.2995         , 78.4038         , 105.7      , Oil         ,             2001.0,             , False        , True      , False     , probable           , external_database_point
FAC_WRI_0284         , SAMAYANALLUR DG                                                       , thermal_power_plant  , oil                                                                                   , NA                                                                                                                 , Tamil Nadu       , Madurai North                ,  9.9751         , 78.0445         , 106.0      , Oil         ,             2001.0,             , False        , True      , False     , probable           , external_database_point
FAC_WRI_0285         , SAMEERWADI MILL                                                       , thermal_power_plant  , biomass                                                                               , Godavari Mills ltd                                                                                                 , Karnataka        , Rabakavi Banahatti taluku    , 16.3918         , 75.0411         , 24.0       , Biomass     ,                   ,             , False        , True      , False     , probable           , external_database_point
FAC_WRI_0286         , SANGLI KRANTI                                                         , thermal_power_plant  , biomass                                                                               , Kranti Ssk ltd                                                                                                     , Maharashtra      , Palus                        , 17.1354         , 74.4272         , 19.7       , Biomass     ,                   ,             , False        , True      , False     , probable           , external_database_point
FAC_WRI_0287         , SANGLI MIRAJ BIOMASS                                                  , thermal_power_plant  , biomass                                                                               , Sinewave Pvt ltd                                                                                                   , Maharashtra      , Miraj                        , 16.9171         , 74.4821         , 10.0       , Biomass     ,                   ,             , False        , True      , False     , probable           , external_database_point
FAC_WRI_0288         , SANGLI VASANTDADA                                                     , thermal_power_plant  , biomass                                                                               , Vasantdada Ssk ltd                                                                                                 , Maharashtra      , Miraj                        , 16.881          , 74.5898         , 12.5       , Biomass     ,                   ,             , False        , True      , False     , probable           , external_database_point
FAC_WRI_0289         , SANJAY GANDHI                                                         , thermal_power_plant  , coal                                                                                  , NA                                                                                                                 , Madhya Pradesh   , Pali Tahsil                  , 23.3026         , 81.0668         , 1340.0     , Coal        ,             2000.0,             , False        , True      , False     , probable           , external_database_point
FAC_WRI_0290         , SANKESHWAR MILL                                                       , thermal_power_plant  , biomass                                                                               , Shri Hiranyakeshi ssk                                                                                              , Karnataka        , Hukkeri taluk                , 16.2478         , 74.5003         , 26.0       , Biomass     ,                   ,             , False        , True      , False     , probable           , external_database_point
FAC_WRI_0291         , SANTALDIH                                                             , thermal_power_plant  , coal                                                                                  , NA                                                                                                                 , West Bengal      , Raghunathpur - II            , 23.6013         , 86.4666         , 500.0      , Coal        ,             2009.0,             , False        , True      , False     , probable           , external_database_point
FAC_WRI_0292         , SASAN UMPP                                                            , thermal_power_plant  , coal                                                                                  , NA                                                                                                                 , Madhya Pradesh   , Singrauli Tahsil             , 23.9784         , 82.6275         , 3960.0     , Coal        ,             2013.0,             , False        , True      , False     , probable           , external_database_point
FAC_WRI_0293         , SATNA CEMENT PLANT                                                    , thermal_power_plant  , coal                                                                                  , Birla Corp ltd                                                                                                     , Madhya Pradesh   , Raghurajnagar Nagareey Tahsil, 24.5959         , 80.858          , 29.0       , Coal        ,                   ,             , False        , True      , False     , probable           , external_database_point
FAC_WRI_0294         , SBT SUGAR                                                             , thermal_power_plant  , biomass                                                                               , Sahakarmaharshi Bhausaheb thor                                                                                     , Maharashtra      , Sangamner                    , 19.6125         , 74.1924         , 16.0       , Biomass     ,                   ,             , False        , True      , False     , probable           , external_database_point
FAC_WRI_0295         , SEIONI TPP                                                            , thermal_power_plant  , coal                                                                                  , NA                                                                                                                 , Madhya Pradesh   , Ghansaur Tahsil              , 22.7355         , 79.9123         , 600.0      , Coal        ,             2016.0,             , False        , True      , False     , probable           , external_database_point
FAC_WRI_0296         , SEMBCORP GAYATRI                                                      , thermal_power_plant  , coal                                                                                  , NA                                                                                                                 , Andhra Pradesh   , Muthukur                     , 14.351          , 80.1443         , 1320.0     , Coal        ,             2016.0,             , False        , True      , False     , probable           , external_database_point
FAC_WRI_0297         , SHIROL MILL                                                           , thermal_power_plant  , biomass                                                                               , Datta Ssk ltd                                                                                                      , Maharashtra      , Shirol                       , 16.7493         , 74.5854         , 36.0       , Biomass     ,                   ,             , False        , True      , False     , probable           , external_database_point
FAC_WRI_0298         , SHREE MEGA POWER                                                      , thermal_power_plant  , coal                                                                                  , Shree Cement ltd                                                                                                   , Rajasthan        , Masuda Tehsil                , 26.0743         , 74.3858         , 300.0      , Coal        ,                   ,             , False        , True      , False     , probable           , external_database_point
FAC_WRI_0299         , SHRI MALAPRABHA                                                       , thermal_power_plant  , biomass                                                                               , Shri Malaprabha ssk                                                                                                , Karnataka        , Kitturu taluku               , 15.6933         , 74.7162         , 22.0       , Biomass     ,                   ,             , False        , True      , False     , probable           , external_database_point
FAC_WRI_0300         , SHRI SHANKAR                                                          , thermal_power_plant  , biomass                                                                               , Shri Ssk ltd                                                                                                       , Maharashtra      , Malshiras                    , 17.8676         , 74.8405         , 20.0       , Biomass     ,                   ,             , False        , True      , False     , probable           , external_database_point
FAC_WRI_0301         , SHRIRAM RAYONS PLANT                                                  , thermal_power_plant  , coal                                                                                  , Dcm Industries ltd                                                                                                 , Rajasthan        , Ladpura Tehsil               , 25.1296         , 75.8832         , 40.0       , Coal        ,                   ,             , False        , True      , False     , probable           , external_database_point
FAC_WRI_0302         , SIMHADRI                                                              , thermal_power_plant  , coal                                                                                  , NA                                                                                                                 , Andhra Pradesh   , Paravada                     , 17.591          , 83.0917         , 2000.0     , Coal        ,             2006.0,             , False        , True      , False     , probable           , external_database_point
FAC_WRI_0303         , SIMHAPURI TPP                                                         , thermal_power_plant  , coal                                                                                  , NA                                                                                                                 , Andhra Pradesh   , Chillakur                    , 14.2133         , 80.0838         , 600.0      , Coal        ,             2013.0,             , False        , True      , False     , probable           , external_database_point
FAC_WRI_0304         , SINGARENI TPP                                                         , thermal_power_plant  , coal                                                                                  , NA                                                                                                                 , Telangana        , Jaipur mandal                , 18.8372         , 79.5748         , 1200.0     , Coal        ,             2016.0,             , False        , True      , False     , probable           , external_database_point
FAC_WRI_0305         , SINGRAULI STPS                                                        , thermal_power_plant  , coal                                                                                  , NA                                                                                                                 , Uttar Pradesh    , Dudhi                        , 24.1033         , 82.7068         , 2000.0     , Coal        ,             1984.0,             , False        , True      , False     , probable           , external_database_point
FAC_WRI_0306         , SIPAT STPS                                                            , thermal_power_plant  , coal                                                                                  , NA                                                                                                                 , Chhattisgarh     , Masturi Tahsil               , 22.13           , 82.293          , 2980.0     , Coal        ,             2010.0,             , False        , True      , False     , probable           , external_database_point
FAC_WRI_0307         , SITAPURAM POWER LIMITED                                               , thermal_power_plant  , coal                                                                                  , NA                                                                                                                 , Andhra Pradesh   , Jaggayyapeta                 , 16.8301         , 80.0407         , 43.0       , Coal        ,             2016.0,             , False        , True      , False     , probable           , external_database_point
FAC_WRI_0308         , SOLAPUR STPP                                                          , thermal_power_plant  , coal                                                                                  , NA                                                                                                                 , Himachal Pradesh , Sainj                        , 31.7537         , 77.246          , 1320.0     , Coal        ,             2018.0,             , False        , True      , False     , probable           , external_database_point
FAC_WRI_0309         , SONAI MILL                                                            , thermal_power_plant  , biomass                                                                               , Mula Ssk ltd                                                                                                       , Maharashtra      , Nevasa                       , 19.3804         , 74.8397         , 16.0       , Biomass     ,                   ,             , False        , True      , False     , probable           , external_database_point
FAC_WRI_0310         , SOUTHERN REPL.                                                        , thermal_power_plant  , coal                                                                                  , NA                                                                                                                 , West Bengal      , Kolkata                      , 22.5488         , 88.2926         , 135.0      , Coal        ,             1990.0,             , False        , True      , False     , probable           , external_database_point
FAC_WRI_0311         , STERLITE TPP                                                          , thermal_power_plant  , coal                                                                                  , NA                                                                                                                 , Odisha           , Badmal                       , 21.8144         , 84.0404         , 600.0      , Coal        ,             2010.0,             , False        , True      , False     , probable           , external_database_point
FAC_WRI_0312         , SUGEN CCCP                                                            , thermal_power_plant  , gas                                                                                   , NA                                                                                                                 , Gujarat          , Kamrej Taluka                , 21.3395         , 72.9889         , 1147.5     , Gas         ,             2008.0,             , False        , True      , False     , probable           , external_database_point
FAC_WRI_0313         , SURAT LIG.                                                            , thermal_power_plant  , coal                                                                                  , NA                                                                                                                 , Gujarat          , Mangrol Taluka               , 21.397          , 73.106          , 500.0      , Coal        ,             2004.0,             , False        , True      , False     , probable           , external_database_point
FAC_WRI_0314         , SVPL                                                                  , thermal_power_plant  , coal                                                                                  , NA                                                                                                                 , Chhattisgarh     , Pali Tahsil                  , 22.2915         , 82.5257         , 63.0       , Coal        ,             2011.0,             , False        , True      , False     , probable           , external_database_point
FAC_WRI_0315         , SWASTIK KORBA                                                         , thermal_power_plant  , coal                                                                                  , NA                                                                                                                 , Chhattisgarh     , Katghora Tahsil              , 22.3005         , 82.7047         , 25.0       , Coal        ,             2015.0,             , False        , True      , False     , probable           , external_database_point
FAC_WRI_0316         , Shri Singaji MALWA TPP                                                , thermal_power_plant  , coal                                                                                  , NA                                                                                                                 , Madhya Pradesh   , Punasa Tahsil                , 22.0971         , 76.5317         , 2520.0     , Coal        ,             2016.0,             , False        , True      , False     , probable           , external_database_point
FAC_WRI_0317         , TADALI                                                                , thermal_power_plant  , coal                                                                                  , Dhariwal Pvt ltd                                                                                                   , Maharashtra      , Chandrapur Taluka            , 20.0116         , 79.2036         , 600.0      , Coal        ,                   ,             , False        , True      , False     , probable           , external_database_point
FAC_WRI_0318         , TADALI SPONGE IRON                                                    , thermal_power_plant  , coal                                                                                  , Mukesh Gupta group                                                                                                 , Maharashtra      , Chandrapur Taluka            , 20.0123         , 79.1863         , 33.0       , Coal        ,                   ,             , False        , True      , False     , probable           , external_database_point
FAC_WRI_0319         , TALCHER                                                               , thermal_power_plant  , coal                                                                                  , NA                                                                                                                 , Odisha           , Colliery                     , 20.9099         , 85.2072         , 460.0      , Coal        ,             1974.0,             , False        , True      , False     , probable           , external_database_point
FAC_WRI_0320         , TALCHER STPS                                                          , thermal_power_plant  , coal                                                                                  , NA                                                                                                                 , Odisha           , N.T.P.C.                     , 21.0966         , 85.074          , 3000.0     , Coal        ,             2001.0,             , False        , True      , False     , probable           , external_database_point
FAC_WRI_0321         , TALWANDI SABO                                                         , thermal_power_plant  , coal                                                                                  , NA                                                                                                                 , Punjab           , Mansa Tehsil                 , 29.924          , 75.2372         , 1980.0     , Coal        ,             2015.0,             , False        , True      , False     , probable           , external_database_point
FAC_WRI_0322         , TAMNAR TPP                                                            , thermal_power_plant  , coal                                                                                  , NA                                                                                                                 , Chhattisgarh     , Tamnar Tahsil                , 22.0987         , 83.4513         , 2400.0     , Coal        ,             2014.0,             , False        , True      , False     , probable           , external_database_point
FAC_WRI_0323         , TANDA                                                                 , thermal_power_plant  , coal                                                                                  , NA                                                                                                                 , Uttar Pradesh    , Tanda                        , 26.586          , 82.602          , 440.0      , Coal        ,             1991.0,             , False        , True      , False     , probable           , external_database_point
FAC_WRI_0324         , TANIR BAVI                                                            , thermal_power_plant  , gas                                                                                   , NA                                                                                                                 , Karnataka        , Mangaluru taluk              , 12.9019         , 74.816          , 220.0      , Gas         ,             2001.0,             , False        , True      , False     , probable           , external_database_point
FAC_WRI_0325         , TENUGHAT                                                              , thermal_power_plant  , coal                                                                                  , NA                                                                                                                 , Jharkhand        , Gumia                        , 23.7573         , 85.8936         , 420.0      , Coal        ,             1995.0,             , False        , True      , False     , probable           , external_database_point
FAC_WRI_0326         , THAL WORKS                                                            , thermal_power_plant  , gas                                                                                   , Rashtriya & fert                                                                                                   , Maharashtra      , Alibag Taluka                , 18.7026         , 72.8709         , 30.0       , Gas         ,                   ,             , False        , True      , False     , probable           , external_database_point
FAC_WRI_0327         , THAMMINAPATNAM TPP                                                    , thermal_power_plant  , coal                                                                                  , NA                                                                                                                 , Andhra Pradesh   , Chillakur                    , 14.2133         , 80.0838         , 300.0      , Coal        ,             2012.0,             , False        , True      , False     , probable           , external_database_point
FAC_WRI_0328         , THANE PLANT                                                           , thermal_power_plant  , oil                                                                                   , Nocil Nocil rubber                                                                                                 , Maharashtra      , Thane Subdistrict            , 19.0875         , 73.0258         , 22.5       , Oil         ,                   ,             , False        , True      , False     , probable           , external_database_point
FAC_WRI_0329         , TIRORA TPP                                                            , thermal_power_plant  , coal                                                                                  , NA                                                                                                                 , Maharashtra      , Tiroda Taluka                , 21.4129         , 79.9671         , 3300.0     , Coal        ,             2013.0,             , False        , True      , False     , probable           , external_database_point
FAC_WRI_0330         , TITAGARH                                                              , thermal_power_plant  , coal                                                                                  , NA                                                                                                                 , West Bengal      , Barrackpur - II              , 22.7318         , 88.371          , 240.0      , Coal        ,             1983.0,             , False        , True      , False     , probable           , external_database_point
FAC_WRI_0331         , TORR POWER SAB.                                                       , thermal_power_plant  , coal                                                                                  , NA                                                                                                                 , Gujarat          , SabarmatiTaluka              , 23.0701         , 72.5933         , 422.0      , Coal        ,             1985.0,             , False        , True      , False     , probable           , external_database_point
FAC_WRI_0332         , TROMBAY WORKS                                                         , thermal_power_plant  , gas                                                                                   , Rashtriya & fert                                                                                                   , Maharashtra      , Mumbai Suburban District     , 19.0366         , 72.8892         , 18.0       , Gas         ,                   ,             , False        , True      , False     , probable           , external_database_point
FAC_WRI_0333         , TUNGABHADRA SUGAR                                                     , thermal_power_plant  , biomass                                                                               , Nsl Sugars ltd                                                                                                     , Karnataka        , Siruguppa taluku             , 15.6609         , 76.8756         , 28.0       , Biomass     ,                   ,             , False        , True      , False     , probable           , external_database_point
FAC_WRI_0334         , TUTICORIN                                                             , thermal_power_plant  , coal                                                                                  , NA                                                                                                                 , Tamil Nadu       , Thoothukkudi                 ,  8.7635         , 78.1753         , 1050.0     , Coal        ,             1984.0,             , False        , True      , False     , probable           , external_database_point
FAC_WRI_0335         , TUTICORIN JV                                                          , thermal_power_plant  , coal                                                                                  , NA                                                                                                                 , Tamil Nadu       , Thoothukkudi                 ,  8.7603         , 78.1699         , 1000.0     , Coal        ,             2015.0,             , False        , True      , False     , probable           , external_database_point
FAC_WRI_0336         , TUTICORIN- IND BARATH                                                 , thermal_power_plant  , coal                                                                                  , NA                                                                                                                 , Tamil Nadu       , Thoothukkudi                 ,  8.7635         , 78.1753         , 300.0      , Coal        ,             2013.0,             , False        , True      , False     , probable           , external_database_point
FAC_WRI_0337         , UCHPINDA TPP                                                          , thermal_power_plant  , coal                                                                                  , NA                                                                                                                 , Chhattisgarh     , Dabhra Tahsil                , 21.8858         , 83.1215         , 1440.0     , Coal        ,             2016.0,             , False        , True      , False     , probable           , external_database_point
FAC_WRI_0338         , UDUPI TPP                                                             , thermal_power_plant  , coal                                                                                  , NA                                                                                                                 , Karnataka        , Kapu taluku                  , 13.1596         , 74.8002         , 1200.0     , Coal        ,             2010.0,             , False        , True      , False     , probable           , external_database_point
FAC_WRI_0339         , UNCHAHAR                                                              , thermal_power_plant  , coal                                                                                  , NA                                                                                                                 , Uttar Pradesh    , Unchahar                     , 25.9131         , 81.3274         , 1550.0     , Coal        ,             2002.0,             , False        , True      , False     , probable           , external_database_point
FAC_WRI_0340         , UNO SUGEN                                                             , thermal_power_plant  , gas                                                                                   , NA                                                                                                                 , Gujarat          , Kamrej Taluka                , 21.3411         , 72.9895         , 382.5      , Gas         ,             2012.0,             , False        , True      , False     , probable           , external_database_point
FAC_WRI_0341         , URAN GT                                                               , thermal_power_plant  , gas                                                                                   , NA                                                                                                                 , Maharashtra      , Uran Subdistrict             , 18.88           , 72.9715         , 672.0      , Gas         ,             1988.0,             , False        , True      , False     , probable           , external_database_point
FAC_WRI_0342         , URAN ONGC                                                             , thermal_power_plant  , gas                                                                                   , Ongc Gas corp                                                                                                      , Maharashtra      , Uran Subdistrict             , 18.8681         , 72.9293         , 62.6       , Gas         ,                   ,             , False        , True      , False     , probable           , external_database_point
FAC_WRI_0343         , UTRAN CCCP EXT                                                        , thermal_power_plant  , gas                                                                                   , NA                                                                                                                 , Gujarat          , Adajan Taluka                , 21.2285         , 72.8705         , 374.571    , Gas         ,             2009.0,             , False        , True      , False     , probable           , external_database_point
FAC_WRI_0344         , UTRAULA TPP                                                           , thermal_power_plant  , coal                                                                                  , NA                                                                                                                 , Uttar Pradesh    , Utraula                      , 27.3455         , 82.3166         , 90.0       , Coal        ,             2012.0,             , False        , True      , False     , probable           , external_database_point
FAC_WRI_0345         , VALANTHARVI GT                                                        , thermal_power_plant  , gas                                                                                   , NA                                                                                                                 , Tamil Nadu       , Ramanathapuram               ,  9.3279         , 78.9215         , 52.8       , Gas         ,             2005.0,             , False        , True      , False     , probable           , external_database_point
FAC_WRI_0346         , VALLUR ntpc/ntecl                                                     , thermal_power_plant  , coal                                                                                  , NA                                                                                                                 , Tamil Nadu       , Ponneri                      , 13.2371         , 80.3023         , 1500.0     , Coal        ,             2013.0,             , False        , True      , False     , probable           , external_database_point
FAC_WRI_0347         , VALUTHUR GT                                                           , thermal_power_plant  , gas                                                                                   , NA                                                                                                                 , Tamil Nadu       , Ramanathapuram               ,  9.3484         , 78.9235         , 187.2      , Gas         ,             2005.0,             , False        , True      , False     , probable           , external_database_point
FAC_WRI_0348         , VARDHAM BUDNI                                                         , thermal_power_plant  , coal                                                                                  , Vardham Vardham group                                                                                              , Madhya Pradesh   , Budni Tahsil                 , 22.7808         , 77.6515         , 25.8       , Coal        ,                   ,             , False        , True      , False     , probable           , external_database_point
FAC_WRI_0349         , VARDHAM SATLAPUR                                                      , thermal_power_plant  , coal                                                                                  , Vardham Vardham group                                                                                              , Madhya Pradesh   , Goharganj Tahsil             , 23.0752         , 77.5526         , 30.75      , Coal        ,                   ,             , False        , True      , False     , probable           , external_database_point
FAC_WRI_0350         , VASAVADATTA CEMENT                                                    , thermal_power_plant  , coal                                                                                  , Kesoram Industries ltd                                                                                             , Karnataka        , Sedam taluku                 , 17.1605         , 77.293          , 50.7       , Coal        ,                   ,             , False        , True      , False     , probable           , external_database_point
FAC_WRI_0351         , VEMAGIRI CCCP                                                         , thermal_power_plant  , gas                                                                                   , NA                                                                                                                 , Andhra Pradesh   , Kadiam                       , 16.9238         , 81.8141         , 388.5      , Gas         ,             2006.0,             , False        , True      , False     , probable           , external_database_point
FAC_WRI_0352         , VENUNAGAR SUGAR                                                       , thermal_power_plant  , biomass                                                                               , Shri Ssk ltd                                                                                                       , Maharashtra      , Pandharpur                   , 17.7382         , 75.3218         , 19.8       , Biomass     ,                   ,             , False        , True      , False     , probable           , external_database_point
FAC_WRI_0353         , VIJAIPUR WORKS                                                        , thermal_power_plant  , gas                                                                                   , National Ltd nfl)                                                                                                  , Madhya Pradesh   , Raghogarh Tahsil             , 24.4978         , 77.1513         , 75.0       , Gas         ,                   ,             , False        , True      , False     , probable           , external_database_point
FAC_WRI_0354         , VIJAYWADA                                                             , thermal_power_plant  , coal                                                                                  , NA                                                                                                                 , Andhra Pradesh   , Ibrahimpatnam                , 16.5984         , 80.537          , 1260.0     , Coal        ,             1987.0,             , False        , True      , False     , probable           , external_database_point
FAC_WRI_0355         , VIJAYWADA TPP-IV                                                      , thermal_power_plant  , coal                                                                                  , NA                                                                                                                 , Andhra Pradesh   , Ibrahimpatnam                , 16.5973         , 80.5382         , 500.0      , Coal        ,             2009.0,             , False        , True      , False     , probable           , external_database_point
FAC_WRI_0356         , VIJESWARAM GT                                                         , thermal_power_plant  , gas                                                                                   , NA                                                                                                                 , Andhra Pradesh   , Kovvur                       , 16.9345         , 81.7245         , 272.3      , Gas         ,             1995.0,             , False        , True      , False     , probable           , external_database_point
FAC_WRI_0357         , VIKRAM CEMENT                                                         , thermal_power_plant  , coal                                                                                  , Vikram Vikram cement                                                                                               , Madhya Pradesh   , Jawad Tehsil                 , 24.5753         , 74.8012         , 46.0       , Coal        ,                   ,             , False        , True      , False     , probable           , external_database_point
FAC_WRI_0358         , VINDH_CHAL STPS                                                       , thermal_power_plant  , coal                                                                                  , NA                                                                                                                 , Madhya Pradesh   , Singrauli Tahsil             , 24.0983         , 82.6719         , 4760.0     , Coal        ,             2002.0,             , False        , True      , False     , probable           , external_database_point
FAC_WRI_0359         , VIZAG TPP                                                             , thermal_power_plant  , coal                                                                                  , NA                                                                                                                 , Andhra Pradesh   , Pedagantyada                 , 17.5635         , 83.1382         , 1040.0     , Coal        ,             2015.0,             , False        , True      , False     , probable           , external_database_point
FAC_WRI_0360         , WADI CEMENT PLANT                                                     , thermal_power_plant  , coal                                                                                  , Acc Acc ltd                                                                                                        , Karnataka        , Chitapura taluku             , 17.0552         , 76.9775         , 75.0       , Coal        ,                   ,             , False        , True      , False     , probable           , external_database_point
FAC_WRI_0361         , WANAKBORI                                                             , thermal_power_plant  , coal                                                                                  , NA                                                                                                                 , Gujarat          , Galteshwar Taluka            , 22.8725         , 73.3588         , 1470.0     , Coal        ,             1986.0,             , False        , True      , False     , probable           , external_database_point
FAC_WRI_0362         , WARDHA WARORA(Sai Wardha Power)                                       , thermal_power_plant  , coal                                                                                  , NA                                                                                                                 , Maharashtra      , Warora Taluka                , 20.2727         , 78.9792         , 540.0      , Coal        ,             2010.0,             , False        , True      , False     , probable           , external_database_point
FAC_WRI_0363         , WARDHA WORKS                                                          , thermal_power_plant  , coal                                                                                  , Lloyds Industries ltd                                                                                              , Maharashtra      , Wardha                       , 20.6964         , 78.6385         , 80.0       , Coal        ,                   ,             , False        , True      , False     , probable           , external_database_point
FAC_WRI_0364         , YAMUNANAGAR TPP                                                       , thermal_power_plant  , coal                                                                                  , NA                                                                                                                 , Haryana          , Jagadhri                     , 30.1081         , 77.3257         , 600.0      , Coal        ,             2007.0,             , False        , True      , False     , probable           , external_database_point
FAC_WRI_0365         , YASHWANTRAO MOHITE                                                    , thermal_power_plant  , biomass                                                                               , Yashwantrao Krishna ssk                                                                                            , Maharashtra      , Karad                        , 17.1653         , 74.2456         , 16.0       , Biomass     ,                   ,             , False        , True      , False     , probable           , external_database_point
FAC_WRI_0366         , YELHANKA (DG)                                                         , thermal_power_plant  , oil                                                                                   , NA                                                                                                                 , Karnataka        , Yelahanka taluku             , 13.1156         , 77.5838         , 106.6      , Oil         ,             1993.0,             , False        , True      , False     , probable           , external_database_point
FAC_WRI_0367         , YERMARUS TPP                                                          , thermal_power_plant  , coal                                                                                  , NA                                                                                                                 , Karnataka        , Rayachuru taluku             , 16.2949         , 77.3568         , 1600.0     , Coal        ,             2016.0,             , False        , True      , False     , probable           , external_database_point
FAC_WRI_0368         , ZAWAR MINES                                                           , thermal_power_plant  , coal                                                                                  , Hindustan Zinc ltd                                                                                                 , Rajasthan        , Sarada Tehsil                , 24.35           , 73.7477         , 80.0       , Coal        ,                   ,             , False        , True      , False     , probable           , external_database_point
