canonical_facility_id,facility_name,facility_type,facility_subtype,operator,state,district,latitude,longitude,capacity_mw,primary_fuel,commissioning_year,closure_year,source_manual,source_wri,source_osm,verification_status,geometry_source
FAC_IND_REF_011      ,Visakhapatnam Refinery                                                ,refinery             ,NA                                                                                    ,Hindustan Petroleum Corporation Limited (HPCL)                                                                     ,Andhra Pradesh   ,Visakhapatnam                ,17.66           ,83.15           ,NA         ,NA          ,1957.0,,True         ,False     ,False,verified           ,point_only
FAC_IND_REF_013      ,Kochi Refinery                                                        ,refinery             ,NA                                                                                    ,Bharat Petroleum Corporation Limited (BPCL)                                                                        ,Kerala           ,Ernakulam                    ,9.92           ,76.36           ,NA         ,NA          ,1963.0,,True         ,False     ,False,verified           ,point_only
FAC_IND_REF_015      ,Manali Refinery                                                       ,refinery             ,NA                                                                                    ,Chennai Petroleum Corporation Limited (CPCL)                                                                       ,Tamil Nadu       ,Chennai                      ,13.17           ,80.26           ,NA         ,NA          ,1965.0,,True         ,False     ,False,verified           ,point_only
FAC_IND_REF_017      ,Tatipaka Refinery                                                     ,refinery             ,NA                                                                                    ,Oil and Natural Gas Corporation (ONGC)                                                                             ,Andhra Pradesh   ,East Godavari                ,16.75           ,81.95           ,NA         ,NA          ,2001.0,,True         ,False     ,False,probable           ,point_only
FAC_IND_REF_018      ,Mangalore Refinery                                                    ,refinery             ,NA                                                                                    ,Mangalore Refinery and Petrochemicals Limited (MRPL)                                                               ,Karnataka        ,Dakshina Kannada             ,12.9            ,74.83           ,NA         ,NA          ,1996.0,,True         ,False     ,False,verified           ,point_only
FAC_IND_STEEL_006    ,Salem Steel Plant                                                     ,steel_plant          ,special_steel                                                                         ,Steel Authority of India Limited (SAIL)                                                                            ,Tamil Nadu       ,Salem                        ,11.68           ,78.15           ,NA         ,NA          ,1973.0,,True         ,False     ,False,probable           ,point_only
FAC_IND_STEEL_007    ,Bhadravathi Steel Plant (Visvesvaraya Iron & Steel)                   ,steel_plant          ,special_steel                                                                         ,Steel Authority of India Limited (SAIL)                                                                            ,Karnataka        ,Bhadra                       ,14.3            ,75.82           ,NA         ,NA          ,1923.0,,True         ,False     ,False,probable           ,point_only
FAC_IND_STEEL_009    ,Visakhapatnam Steel Plant (RINL)                                      ,steel_plant          ,integrated                                                                            ,Rashtriya Ispat Nigam Limited (RINL)                                                                               ,Andhra Pradesh   ,Visakhapatnam                ,17.72           ,83.32           ,NA         ,NA          ,1992.0,,True         ,False     ,False,probable           ,point_only
FAC_IND_STEEL_014    ,JSW Steel Vijayanagar Works                                           ,steel_plant          ,integrated                                                                            ,JSW Steel Limited                                                                                                  ,Karnataka        ,Ballari                      ,15.18           ,76.66           ,NA         ,NA          ,1997.0,,True         ,False     ,False,probable           ,point_only
FAC_IND_STEEL_016    ,JSW Steel Salem Works                                                 ,steel_plant          ,secondary_steel                                                                       ,JSW Steel Limited                                                                                                  ,Tamil Nadu       ,Salem                        ,11.68           ,78.15           ,NA         ,NA          ,2010.0,,True         ,False     ,False,probable           ,point_only
FAC_TPP_005          ,Ramagundam Super Thermal Power Station                                ,thermal_power_plant  ,coal                                                                                  ,NTPC Limited                                                                                                       ,Telangana        ,Peddapalli                   ,18.75           ,79.5            ,NA         ,NA          ,1985.0,,True         ,False     ,False,probable           ,point_only
FAC_TPP_015          ,Kayamkulam Thermal Power Station                                      ,thermal_power_plant  ,gas                                                                                   ,NTPC Limited                                                                                                       ,Kerala           ,Alappuzha                    ,9.17           ,76.5            ,NA         ,NA          ,1996.0,,True         ,False     ,False,probable           ,point_only
FAC_TPP_023          ,Telangana Thermal Power Station (Yadadri)                             ,thermal_power_plant  ,coal                                                                                  ,NTPC Limited                                                                                                       ,Telangana        ,Yadadri Bhuvanagiri          ,17.55           ,79.2            ,NA         ,NA          ,2022.0,,True         ,False     ,False,probable           ,point_only
FAC_TPP_026          ,Simhadri Thermal Power Station                                        ,thermal_power_plant  ,coal                                                                                  ,NTPC Limited                                                                                                       ,Andhra Pradesh   ,Nellore                      ,14.45           ,79.98           ,NA         ,NA          ,2023.0,,True         ,False     ,False,probable           ,point_only
FAC_TPP_039          ,Thoothukudi Thermal Power Station                                     ,thermal_power_plant  ,coal                                                                                  ,Tamil Nadu Generation and Distribution Corporation (TANGEDCO)                                                      ,Tamil Nadu       ,Thoothukudi                  ,8.8            ,78.15           ,NA         ,NA          ,1996.0,,True         ,False     ,False,probable           ,point_only
FAC_TPP_040          ,Ennore Thermal Power Station                                          ,thermal_power_plant  ,coal                                                                                  ,Tamil Nadu Generation and Distribution Corporation (TANGEDCO)                                                      ,Tamil Nadu       ,Thiruvallur                  ,13.25           ,80.32           ,NA         ,NA          ,1997.0,,True         ,False     ,False,probable           ,point_only
FAC_TPP_041          ,Basin Bridge Thermal Power Station                                    ,thermal_power_plant  ,gas                                                                                   ,Tamil Nadu Generation and Distribution Corporation (TANGEDCO)                                                      ,Tamil Nadu       ,Chennai                      ,13.1            ,80.28           ,NA         ,NA          ,1971.0,,True         ,False     ,False,probable           ,point_only
FAC_TPP_042          ,Yadadri Thermal Power Station                                         ,thermal_power_plant  ,coal                                                                                  ,Telangana State Power Generation Company (TS Genco)                                                                ,Telangana        ,Yadadri Bhuvanagiri          ,17.55           ,79.2            ,NA         ,NA          ,2022.0,,True         ,False     ,False,probable           ,point_only
FAC_TPP_043          ,Ramagundam Thermal Power Station (TS Genco)                           ,thermal_power_plant  ,coal                                                                                  ,Telangana State Power Generation Company (TS Genco)                                                                ,Telangana        ,Peddapalli                   ,18.75           ,79.5            ,NA         ,NA          ,1985.0,,True         ,False     ,False,probable           ,point_only
FAC_TPP_044          ,Kothagudem Thermal Power Station                                      ,thermal_power_plant  ,coal                                                                                  ,Telangana State Power Generation Company (TS Genco)                                                                ,Telangana        ,Bhadradri Kothagudem         ,17.55           ,80.62           ,NA         ,NA          ,1975.0,,True         ,False     ,False,probable           ,point_only
FAC_TPP_050          ,Neyveli Thermal Power Station-I                                       ,thermal_power_plant  ,lignite                                                                               ,NLC India Limited                                                                                                  ,Tamil Nadu       ,Cuddalore                    ,11.61           ,79.47           ,NA         ,NA          ,1962.0,,True         ,False     ,False,probable           ,point_only
FAC_TPP_051          ,Neyveli Thermal Power Station-II                                      ,thermal_power_plant  ,lignite                                                                               ,NLC India Limited                                                                                                  ,Tamil Nadu       ,Cuddalore                    ,11.62           ,79.48           ,NA         ,NA          ,1978.0,,True         ,False     ,False,probable           ,point_only
FAC_TPP_052          ,Neyveli New Thermal Power Station                                     ,thermal_power_plant  ,lignite                                                                               ,NLC India Limited                                                                                                  ,Tamil Nadu       ,Cuddalore                    ,11.6            ,79.49           ,NA         ,NA          ,2021.0,,True         ,False     ,False,probable           ,point_only
FAC_TPP_054          ,NTPL Tuticorin Thermal Power Station                                  ,thermal_power_plant  ,coal                                                                                  ,NLC Tamil Nadu Power Limited                                                                                       ,Tamil Nadu       ,Thoothukudi                  ,8.75           ,78.1            ,NA         ,NA          ,2015.0,,True         ,False     ,False,probable           ,point_only
FAC_TPP_070          ,Raichur Thermal Power Station                                         ,thermal_power_plant  ,coal                                                                                  ,Karnataka Power Corporation                                                                                        ,Karnataka        ,Raichur                      ,16.36           ,77.34           ,NA         ,NA          ,1985.0,,True         ,False     ,True,probable           ,mapped_polygon
FAC_TPP_071          ,Bellary Thermal Power Station                                         ,thermal_power_plant  ,coal                                                                                  ,Karnataka Power Corporation                                                                                        ,Karnataka        ,Ballari                      ,15.19           ,76.72           ,1700.0     ,coal        ,2007.0,,True         ,True      ,False,probable           ,point_only
FAC_TPP_072          ,Yermarus Thermal Power Station                                        ,thermal_power_plant  ,coal                                                                                  ,Karnataka Power Corporation                                                                                        ,Karnataka        ,Raichur                      ,16.3            ,77.3            ,NA         ,NA          ,1995.0,,True         ,False     ,False,probable           ,point_only
FAC_TPP_089          ,Dr. Narla Tata Rao Thermal Power Station                              ,thermal_power_plant  ,coal                                                                                  ,Andhra Pradesh Power Generation Corporation                                                                        ,Andhra Pradesh   ,Krishna                      ,16.59           ,80.53           ,NA         ,NA          ,1979.0,,True         ,False     ,False,probable           ,point_only
FAC_TPP_090          ,Rayalaseema Thermal Power Station                                     ,thermal_power_plant  ,coal                                                                                  ,Andhra Pradesh Power Generation Corporation                                                                        ,Andhra Pradesh   ,YSR Kadapa                   ,14.7            ,78.46           ,NA         ,NA          ,1994.0,,True         ,False     ,True,probable           ,mapped_polygon
FAC_TPP_091          ,Sri Damodaram Sanjeevaiah Thermal Power Station                       ,thermal_power_plant  ,coal                                                                                  ,Andhra Pradesh Power Generation Corporation                                                                        ,Andhra Pradesh   ,Nellore                      ,14.45           ,79.98           ,NA         ,NA          ,2013.0,,True         ,False     ,False,probable           ,point_only
FAC_TPP_097          ,Udupi Thermal Power Station                                           ,thermal_power_plant  ,coal                                                                                  ,Adani Power Limited                                                                                                ,Karnataka        ,Udupi                        ,13.35           ,74.75           ,NA         ,NA          ,2016.0,,True         ,False     ,False,probable           ,point_only
FAC_TPP_104          ,Mutiara Thermal Power Station                                         ,thermal_power_plant  ,coal                                                                                  ,Adani Power Limited                                                                                                ,Tamil Nadu       ,Chengalpattu                 ,12.7            ,80.0            ,NA         ,NA          ,2024.0,,True         ,False     ,False,probable           ,point_only
FAC_VIJAYANAGAR_JSW  ,JSW Vijayanagar Power Station                                         ,thermal_power_plant  ,coal                                                                                  ,JSW Energy Limited                                                                                                 ,Karnataka        ,Ballari                      ,15.18           ,76.66           ,860.0      ,coal        ,2000.0,,True         ,True      ,True,probable           ,mapped_polygon
FAC_TPP_116          ,Meenakshi Energy Thermal Power Station                                ,thermal_power_plant  ,coal                                                                                  ,Vedanta Power Limited                                                                                              ,Andhra Pradesh   ,Krishna                      ,16.59           ,80.53           ,NA         ,NA          ,2011.0,,True         ,False     ,False,probable           ,point_only
FAC_TPP_128          ,Thermal Powertech Corporation India                                   ,thermal_power_plant  ,coal                                                                                  ,Sembcorp India Limited                                                                                             ,Andhra Pradesh   ,Krishna                      ,16.59           ,80.53           ,NA         ,NA          ,2012.0,,True         ,False     ,False,probable           ,point_only
FAC_TPP_129          ,SEPC Tuticorin Thermal Power Station                                  ,thermal_power_plant  ,coal                                                                                  ,MEIL Power Limited                                                                                                 ,Tamil Nadu       ,Thoothukudi                  ,8.8            ,78.15           ,NA         ,NA          ,2014.0,,True         ,False     ,False,probable           ,point_only
FAC_TPP_130          ,Simhapuri Energy Thermal Power Station                                ,thermal_power_plant  ,coal                                                                                  ,Simhapuri Energy Limited                                                                                           ,Andhra Pradesh   ,Nellore                      ,14.45           ,79.98           ,NA         ,NA          ,2012.0,,True         ,False     ,False,probable           ,point_only
FAC_IND_MINE_069     ,Ramagundam OCP-III                                                    ,mine                 ,coal                                                                                  ,Singareni Collieries Co Ltd                                                                                        ,Telangana        ,Mancherial                   ,18.75           ,79.51           ,NA         ,NA          ,1989.0,,True         ,False     ,False,probable           ,point_only
FAC_IND_MINE_070     ,Ramagundam OCP-I                                                      ,mine                 ,coal                                                                                  ,Singareni Collieries Co Ltd                                                                                        ,Telangana        ,Mancherial                   ,18.76           ,79.52           ,NA         ,NA          ,,,True         ,False     ,False,probable           ,point_only
FAC_IND_MINE_071     ,Ramagundam OCP-II                                                     ,mine                 ,coal                                                                                  ,Singareni Collieries Co Ltd                                                                                        ,Telangana        ,Mancherial                   ,18.74           ,79.5            ,NA         ,NA          ,,,True         ,False     ,False,probable           ,point_only
FAC_IND_MINE_072     ,Kothagudem OCP                                                        ,mine                 ,coal                                                                                  ,Singareni Collieries Co Ltd                                                                                        ,Telangana        ,Bhadradri Kothagudem         ,17.55           ,80.62           ,NA         ,NA          ,,,True         ,False     ,False,probable           ,point_only
FAC_IND_MINE_075     ,Donimalai Iron Ore Mine                                               ,mine                 ,iron_ore                                                                              ,NMDC Limited                                                                                                       ,Karnataka        ,Ballari                      ,15.05           ,76.53           ,NA         ,NA          ,,,True         ,False     ,False,probable           ,point_only
FAC_IND_MINE_076     ,Kumaraswamy Iron Ore Mine                                             ,mine                 ,iron_ore                                                                              ,NMDC Limited                                                                                                       ,Karnataka        ,Ballari                      ,15.06           ,76.55           ,NA         ,NA          ,,,True         ,False     ,False,probable           ,point_only
FAC_IND_MINE_085     ,Tunga Iron Ore Mine                                                   ,mine                 ,iron_ore                                                                              ,JSW Steel Ltd                                                                                                      ,Karnataka        ,Ballari                      ,15.1            ,76.6            ,NA         ,NA          ,,,True         ,False     ,False,probable           ,point_only
FAC_IND_MINE_086     ,Nandi Iron Ore Mine                                                   ,mine                 ,iron_ore                                                                              ,JSW Steel Ltd                                                                                                      ,Karnataka        ,Ballari                      ,15.12           ,76.62           ,NA         ,NA          ,,,True         ,False     ,False,probable           ,point_only
FAC_IND_MINE_104     ,Neyveli Mine-I                                                        ,mine                 ,lignite                                                                               ,NLC India Ltd                                                                                                      ,Tamil Nadu       ,Cuddalore                    ,11.61           ,79.47           ,NA         ,NA          ,1962.0,,True         ,False     ,False,probable           ,point_only
FAC_IND_MINE_105     ,Neyveli Mine-IA                                                       ,mine                 ,lignite                                                                               ,NLC India Ltd                                                                                                      ,Tamil Nadu       ,Cuddalore                    ,11.62           ,79.48           ,NA         ,NA          ,,,True         ,False     ,False,probable           ,point_only
FAC_IND_MINE_106     ,Neyveli Mine-II                                                       ,mine                 ,lignite                                                                               ,NLC India Ltd                                                                                                      ,Tamil Nadu       ,Cuddalore                    ,11.59           ,79.49           ,NA         ,NA          ,,,True         ,False     ,False,probable           ,point_only
FAC_IND_MINE_116     ,Rajahmundry Asset                                                     ,oil_field            ,oil                                                                                   ,ONGC                                                                                                               ,Andhra Pradesh   ,East Godavari                ,17.0            ,81.8            ,NA         ,NA          ,,,True         ,False     ,False,probable           ,point_only
FAC_IND_MINE_117     ,Karaikal Asset                                                        ,oil_field            ,oil                                                                                   ,ONGC                                                                                                               ,Puducherry       ,Karaikal                     ,10.93           ,79.84           ,NA         ,NA          ,,,True         ,False     ,False,probable           ,point_only
FAC_IND_GPP_007      ,Gadimoga Onshore Gas Terminal (KG-D6 OGT)                             ,gas_processing_plant ,deepwater_gas_processing_terminal                                                     ,Reliance Industries Limited (RIL) / bp                                                                             ,Andhra Pradesh   ,Kakinada                     ,16.829          ,82.261          ,NA         ,NA          ,2009.0,,True         ,False     ,False,probable           ,point_only
FAC_IND_GPP_008      ,Odalarevu Onshore Gas Terminal (VA-S1 & KG-98/2)                      ,gas_processing_plant ,deepwater_gas_processing_terminal                                                     ,Oil and Natural Gas Corporation (ONGC)                                                                             ,Andhra Pradesh   ,Dr. B.R. Ambedkar Konaseema  ,16.442          ,81.996          ,NA         ,NA          ,2018.0,,True         ,False     ,False,probable           ,point_only
FAC_IND_GPP_009      ,Tatipaka Gas Processing Plant                                         ,gas_processing_plant ,onshore_gas_processing_plant                                                          ,Oil and Natural Gas Corporation (ONGC)                                                                             ,Andhra Pradesh   ,Dr. B.R. Ambedkar Konaseema  ,16.485          ,81.821          ,NA         ,NA          ,2001.0,,True         ,False     ,False,probable           ,point_only
FAC_IND_GPP_013      ,Mallavaram Deen Dayal Onshore Gas Terminal                            ,gas_processing_plant ,high_pressure_high_temp_gas_terminal                                                  ,Oil and Natural Gas Corporation (ONGC)                                                                             ,Andhra Pradesh   ,Kakinada                     ,16.912          ,82.315          ,NA         ,NA          ,2016.0,,True         ,False     ,False,probable           ,point_only
FAC_IND_LNG_003      ,Kochi LNG Terminal                                                    ,lng_terminal         ,NA                                                                                    ,Petronet LNG Ltd                                                                                                   ,Kerala           ,Ernakulam                    ,9.98           ,76.223          ,NA         ,NA          ,2013.0,,True         ,False     ,False,probable           ,point_only
FAC_IND_LNG_005      ,Ennore LNG Terminal                                                   ,lng_terminal         ,NA                                                                                    ,IndianOil LNG Pvt Ltd                                                                                              ,Tamil Nadu       ,Thiruvallur                  ,13.262          ,80.334          ,NA         ,NA          ,2019.0,,True         ,False     ,False,probable           ,point_only
FAC_IND_OIL_001      ,Krishnapatnam Coastal POL Installation (BPCL)                         ,oil_terminal         ,NA                                                                                    ,BPCL                                                                                                               ,Andhra Pradesh   ,Nellore                      ,14.279899       ,80.135324       ,NA         ,NA          ,2022.0,,True         ,False     ,False,probable           ,point_only
FAC_IND_OIL_005      ,Mangalore Installation (BPCL)                                         ,oil_terminal         ,NA                                                                                    ,BPCL                                                                                                               ,Karnataka        ,Dakshina Kannada             ,12.959509       ,74.812629       ,NA         ,NA          ,,,True         ,False     ,True,probable           ,mapped_polygon
FAC_IND_OIL_006      ,Mangalore Terminal (HPCL)                                             ,oil_terminal         ,NA                                                                                    ,HPCL                                                                                                               ,Karnataka        ,Dakshina Kannada             ,12.975957       ,74.838175       ,NA         ,NA          ,,,True         ,False     ,False,verified           ,point_only
FAC_IND_OIL_007      ,Mangalore Terminal (IOCL)                                             ,oil_terminal         ,NA                                                                                    ,IOCL                                                                                                               ,Karnataka        ,Dakshina Kannada             ,12.913889       ,74.813889       ,NA         ,NA          ,,,True         ,False     ,False,verified           ,point_only
FAC_IND_OIL_008      ,Irumpanam Installation (BPCL)                                         ,oil_terminal         ,NA                                                                                    ,BPCL                                                                                                               ,Kerala           ,Ernakulam                    ,9.978528       ,76.350397       ,NA         ,NA          ,,,True         ,False     ,True,verified           ,mapped_polygon
FAC_IND_OIL_009      ,Irumpanam Terminal (HPCL)                                             ,oil_terminal         ,NA                                                                                    ,HPCL                                                                                                               ,Kerala           ,Ernakulam                    ,9.986053       ,76.354172       ,NA         ,NA          ,,,True         ,False     ,False,verified           ,point_only
FAC_IND_OIL_010      ,Irumpanam Terminal (IOCL)                                             ,oil_terminal         ,NA                                                                                    ,IOCL                                                                                                               ,Kerala           ,Ernakulam                    ,9.979722       ,76.353056       ,NA         ,NA          ,,,True         ,False     ,False,verified           ,point_only
FAC_IND_OIL_012      ,Chennai New Terminal (HPCL)                                           ,oil_terminal         ,NA                                                                                    ,HPCL                                                                                                               ,Tamil Nadu       ,Tiruvallur                   ,13.242361       ,80.311467       ,NA         ,NA          ,,,True         ,False     ,False,verified           ,point_only
FAC_IND_OIL_013      ,Ennore Installation (BPCL)                                            ,oil_terminal         ,NA                                                                                    ,BPCL                                                                                                               ,Tamil Nadu       ,Tiruvallur                   ,13.243603       ,80.308667       ,NA         ,NA          ,,,True         ,False     ,False,probable           ,point_only
FAC_IND_OIL_014      ,Ennore Terminal (IOCL)                                                ,oil_terminal         ,NA                                                                                    ,IOCL                                                                                                               ,Tamil Nadu       ,Tiruvallur                   ,13.287789       ,80.330789       ,NA         ,NA          ,,,True         ,False     ,False,probable           ,point_only
FAC_IND_PET_010      ,Manali Petrochemicals Limited                                         ,petrochemical_complex,NA                                                                                    ,Manali Petrochemicals Limited (AM International / ex-SPIC)                                                         ,Tamil Nadu       ,Chennai (Manali)             ,13.160444       ,80.277528       ,NA         ,NA          ,1990.0,,True         ,False     ,False,verified           ,point_only
FAC_IND_STR_002      ,Guntakal POL Depot (IOCL)                                             ,storage_terminal     ,NA                                                                                    ,IOCL                                                                                                               ,Andhra Pradesh   ,Anantapur                    ,15.168          ,77.371          ,NA         ,NA          ,,,True         ,False     ,False,unverified         ,point_only
FAC_IND_STR_003      ,Guntakal POL Depot (IOCL)                                             ,storage_terminal     ,NA                                                                                    ,IOCL                                                                                                               ,Andhra Pradesh   ,Anantapur                    ,15.156486       ,77.455522       ,NA         ,NA          ,,,True         ,False     ,False,unverified         ,point_only
FAC_IND_STR_004      ,Kadapa Terminal (HPCL)                                                ,storage_terminal     ,NA                                                                                    ,HPCL                                                                                                               ,Andhra Pradesh   ,Y.S.R. Kadapa                ,14.417442       ,78.942474       ,NA         ,NA          ,,,True         ,False     ,False,verified           ,point_only
FAC_IND_STR_005      ,Rajahmundry Terminal (HPCL)                                           ,storage_terminal     ,NA                                                                                    ,HPCL                                                                                                               ,Andhra Pradesh   ,East Godavari                ,17.202068       ,81.844974       ,NA         ,NA          ,,,True         ,False     ,False,verified           ,point_only
FAC_IND_STR_006      ,Vijayawada Terminal (HPCL)                                            ,storage_terminal     ,NA                                                                                    ,HPCL                                                                                                               ,Andhra Pradesh   ,Krishna                      ,16.575          ,80.55           ,NA         ,NA          ,,,True         ,False     ,False,unverified         ,point_only
FAC_IND_STR_007      ,Vijayawada Terminal (HPCL)                                            ,storage_terminal     ,NA                                                                                    ,HPCL                                                                                                               ,Andhra Pradesh   ,Krishna                      ,16.65638        ,80.56018        ,NA         ,NA          ,,,True         ,False     ,False,unverified         ,point_only
FAC_IND_STR_008      ,Vijayawada Terminal (IOCL)                                            ,storage_terminal     ,NA                                                                                    ,IOCL                                                                                                               ,Andhra Pradesh   ,Krishna                      ,16.657226       ,80.553092       ,NA         ,NA          ,,,True         ,False     ,False,verified           ,point_only
FAC_IND_STR_009      ,Visakh White Oil Terminal (HPCL)                                      ,storage_terminal     ,NA                                                                                    ,HPCL                                                                                                               ,Andhra Pradesh   ,Visakhapatnam                ,17.717866       ,83.243907       ,NA         ,NA          ,,,True         ,False     ,False,verified           ,point_only
FAC_IND_STR_041      ,MANGALORE                                                             ,storage_terminal     ,NA                                                                                    ,NA                                                                                                                 ,Karnataka        ,Mangaluru taluk              ,12.91382        ,74.81177        ,NA         ,NA          ,,,True         ,False     ,False,probable           ,point_only
FAC_IND_STR_042      ,Belgaum Desur Depot (IOCL)                                            ,storage_terminal     ,NA                                                                                    ,IOCL                                                                                                               ,Karnataka        ,Belagavi                     ,15.751829       ,74.494296       ,NA         ,NA          ,,,True         ,False     ,False,probable           ,point_only
FAC_IND_STR_043      ,Bengaluru Terminal (HPCL)                                             ,storage_terminal     ,NA                                                                                    ,HPCL                                                                                                               ,Karnataka        ,Bengaluru Rural              ,12.98702        ,77.84745        ,NA         ,NA          ,,,True         ,False     ,False,verified           ,point_only
FAC_IND_STR_044      ,Bijapur POL Depot (IOCL)                                              ,storage_terminal     ,NA                                                                                    ,IOCL                                                                                                               ,Karnataka        ,Vijayapura                   ,16.83495        ,75.741808       ,NA         ,NA          ,,,True         ,False     ,False,probable           ,point_only
FAC_IND_STR_045      ,Desur POL Depot (BPCL)                                                ,storage_terminal     ,NA                                                                                    ,BPCL                                                                                                               ,Karnataka        ,Belagavi                     ,15.755797       ,74.496317       ,NA         ,NA          ,,,True         ,False     ,False,verified           ,point_only
FAC_IND_STR_046      ,Devanagonthi Depot (IOCL)                                             ,storage_terminal     ,NA                                                                                    ,IOCL                                                                                                               ,Karnataka        ,Bengaluru Rural              ,12.987038       ,77.83696        ,NA         ,NA          ,,,True         ,False     ,False,probable           ,point_only
FAC_IND_STR_047      ,Devangunthi POL Terminal (BPCL)                                       ,storage_terminal     ,NA                                                                                    ,BPCL                                                                                                               ,Karnataka        ,Bengaluru Rural              ,12.986353       ,77.844206       ,NA         ,NA          ,,,True         ,False     ,False,probable           ,point_only
FAC_IND_STR_048      ,Gulbarga Depot (HPCL)                                                 ,storage_terminal     ,NA                                                                                    ,HPCL                                                                                                               ,Karnataka        ,Kalaburagi                   ,17.27092        ,76.87315        ,NA         ,NA          ,,,True         ,False     ,False,verified           ,point_only
FAC_IND_STR_049      ,Gulbarga Depot (IOCL)                                                 ,storage_terminal     ,NA                                                                                    ,IOCL                                                                                                               ,Karnataka        ,Kalaburagi                   ,17.268935       ,76.873462       ,NA         ,NA          ,,,True         ,False     ,False,probable           ,point_only
FAC_IND_STR_050      ,Gulbarga POL Depot (BPCL)                                             ,storage_terminal     ,NA                                                                                    ,BPCL                                                                                                               ,Karnataka        ,Kalaburagi                   ,17.27           ,76.874          ,NA         ,NA          ,,,True         ,False     ,False,probable           ,point_only
FAC_IND_STR_051      ,Hassan Terminal (BPCL)                                                ,storage_terminal     ,NA                                                                                    ,BPCL                                                                                                               ,Karnataka        ,Hassan                       ,12.9836         ,76.1187         ,NA         ,NA          ,,,True         ,False     ,False,probable           ,point_only
FAC_IND_STR_052      ,Hassan Terminal (HPCL)                                                ,storage_terminal     ,NA                                                                                    ,HPCL                                                                                                               ,Karnataka        ,Hassan                       ,12.9836         ,76.1187         ,NA         ,NA          ,,,True         ,False     ,True,verified           ,mapped_polygon
FAC_IND_STR_053      ,Hassan Terminal (IOCL)                                                ,storage_terminal     ,NA                                                                                    ,IOCL                                                                                                               ,Karnataka        ,Hassan                       ,12.9836         ,76.1187         ,NA         ,NA          ,,,True         ,False     ,False,probable           ,point_only
FAC_IND_STR_054      ,Hubli Depot (HPCL)                                                    ,storage_terminal     ,NA                                                                                    ,HPCL                                                                                                               ,Karnataka        ,Dharwad                      ,15.41378        ,75.06767        ,NA         ,NA          ,,,True         ,False     ,False,verified           ,point_only
FAC_IND_STR_055      ,Mysore Depot (BPCL)                                                   ,storage_terminal     ,NA                                                                                    ,BPCL                                                                                                               ,Karnataka        ,Mysuru                       ,12.342605       ,76.638852       ,NA         ,NA          ,,,True         ,False     ,False,probable           ,point_only
FAC_IND_STR_056      ,Mysore Depot (IOCL)                                                   ,storage_terminal     ,NA                                                                                    ,IOCL                                                                                                               ,Karnataka        ,Mysuru                       ,12.341814       ,76.640285       ,NA         ,NA          ,,,True         ,False     ,False,probable           ,point_only
FAC_IND_STR_057      ,Navalur Hubli Depot (IOCL)                                            ,storage_terminal     ,NA                                                                                    ,IOCL                                                                                                               ,Karnataka        ,Dharwad                      ,15.408236       ,75.064085       ,NA         ,NA          ,,,True         ,False     ,False,probable           ,point_only
FAC_IND_STR_058      ,KOCHI                                                                 ,storage_terminal     ,NA                                                                                    ,NA                                                                                                                 ,Kerala           ,Kochi                        ,9.98711        ,76.22307        ,NA         ,NA          ,,,True         ,False     ,False,probable           ,point_only
FAC_IND_STR_059      ,Kozhikode Depot (HPCL)                                                ,storage_terminal     ,NA                                                                                    ,HPCL                                                                                                               ,Kerala           ,Kozhikode                    ,11.34815        ,75.740558       ,NA         ,NA          ,,,True         ,False     ,True,verified           ,mapped_polygon
FAC_IND_STR_060      ,Kozhikode Depot (IOCL)                                                ,storage_terminal     ,NA                                                                                    ,IOCL                                                                                                               ,Kerala           ,Kozhikode                    ,11.172222       ,75.833056       ,NA         ,NA          ,,,True         ,False     ,True,probable           ,mapped_polygon
FAC_IND_STR_092      ,CHENNAI                                                               ,storage_terminal     ,NA                                                                                    ,NA                                                                                                                 ,Tamil Nadu       ,Chennai                      ,13.11513        ,80.29805        ,NA         ,NA          ,,,True         ,False     ,True,probable           ,mapped_polygon
FAC_IND_STR_093      ,Coimbatore Depot (HPCL)                                               ,storage_terminal     ,NA                                                                                    ,HPCL                                                                                                               ,Tamil Nadu       ,Coimbatore                   ,11.030765       ,77.081881       ,NA         ,NA          ,,,True         ,False     ,False,verified           ,point_only
FAC_IND_STR_094      ,Coimbatore Depot (IOCL)                                               ,storage_terminal     ,NA                                                                                    ,IOCL                                                                                                               ,Tamil Nadu       ,Coimbatore                   ,11.031376       ,77.079762       ,NA         ,NA          ,,,True         ,False     ,False,probable           ,point_only
FAC_IND_STR_095      ,Dharmapuri Terminal (HPCL)                                            ,storage_terminal     ,NA                                                                                    ,HPCL                                                                                                               ,Tamil Nadu       ,Dharmapuri                   ,12.066          ,78.12           ,NA         ,NA          ,2022.0,,True         ,False     ,False,verified           ,point_only
FAC_IND_STR_096      ,Irugur Top (BPCL)                                                     ,storage_terminal     ,NA                                                                                    ,BPCL                                                                                                               ,Tamil Nadu       ,Coimbatore                   ,11.024901       ,77.083837       ,NA         ,NA          ,,,True         ,False     ,False,probable           ,point_only
FAC_IND_STR_097      ,Karur Depot (BPCL)                                                    ,storage_terminal     ,NA                                                                                    ,BPCL                                                                                                               ,Tamil Nadu       ,Karur                        ,10.9896         ,78.0394         ,NA         ,NA          ,,,True         ,False     ,False,probable           ,point_only
FAC_IND_STR_098      ,Karur Depot (HPCL)                                                    ,storage_terminal     ,NA                                                                                    ,HPCL                                                                                                               ,Tamil Nadu       ,Karur                        ,10.9896         ,78.0394         ,NA         ,NA          ,,,True         ,False     ,False,verified           ,point_only
FAC_IND_STR_099      ,Madurai Depot (HPCL)                                                  ,storage_terminal     ,NA                                                                                    ,HPCL                                                                                                               ,Tamil Nadu       ,Madurai                      ,9.851073       ,78.032257       ,NA         ,NA          ,,,True         ,False     ,False,verified           ,point_only
FAC_IND_STR_100      ,Madurai Depot (IOCL)                                                  ,storage_terminal     ,NA                                                                                    ,IOCL                                                                                                               ,Tamil Nadu       ,Madurai                      ,9.849898       ,78.029136       ,NA         ,NA          ,,,True         ,False     ,False,probable           ,point_only
FAC_IND_STR_101      ,Sankari Depot (IOCL)                                                  ,storage_terminal     ,NA                                                                                    ,IOCL                                                                                                               ,Tamil Nadu       ,Salem                        ,11.438745       ,77.87192        ,NA         ,NA          ,,,True         ,False     ,True,probable           ,mapped_polygon
FAC_IND_STR_102      ,Tirunelveli Depot (BPCL)                                              ,storage_terminal     ,NA                                                                                    ,BPCL                                                                                                               ,Tamil Nadu       ,Tirunelveli                  ,8.738261       ,77.707214       ,NA         ,NA          ,,,True         ,False     ,False,probable           ,point_only
FAC_IND_STR_103      ,Tirunelveli Depot (HPCL)                                              ,storage_terminal     ,NA                                                                                    ,HPCL                                                                                                               ,Tamil Nadu       ,Tirunelveli                  ,8.740559       ,77.707506       ,NA         ,NA          ,,,True         ,False     ,False,verified           ,point_only
FAC_IND_STR_104      ,Trichy Depot (IOCL)                                                   ,storage_terminal     ,NA                                                                                    ,IOCL                                                                                                               ,Tamil Nadu       ,Tiruchirappalli              ,10.776313       ,78.836796       ,NA         ,NA          ,,,True         ,False     ,False,probable           ,point_only
FAC_IND_STR_105      ,Hyderabad Terminal (IOCL)                                             ,storage_terminal     ,NA                                                                                    ,IOCL                                                                                                               ,Telangana        ,Hyderabad                    ,17.451743       ,78.600973       ,NA         ,NA          ,,,True         ,False     ,True,verified           ,mapped_polygon
FAC_IND_STR_106      ,Malkapur POL Terminal (IOCL)                                          ,storage_terminal     ,NA                                                                                    ,IOCL                                                                                                               ,Telangana        ,Yadadri Bhuvanagiri          ,17.285207       ,78.799568       ,NA         ,NA          ,,,True         ,False     ,False,verified           ,point_only
FAC_IND_STR_107      ,Ramagundam Depot (HPCL)                                               ,storage_terminal     ,NA                                                                                    ,HPCL                                                                                                               ,Telangana        ,Peddapalli                   ,18.74406        ,79.431768       ,NA         ,NA          ,,,True         ,False     ,False,verified           ,point_only
FAC_IND_STR_108      ,Secunderabad Terminal (HPCL)                                          ,storage_terminal     ,NA                                                                                    ,HPCL                                                                                                               ,Telangana        ,Medchal-Malkajgiri           ,17.45895        ,78.71622        ,NA         ,NA          ,,,True         ,False     ,False,verified           ,point_only
FAC_IND_STR_109      ,Suryapet Terminal (HPCL)                                              ,storage_terminal     ,NA                                                                                    ,HPCL                                                                                                               ,Telangana        ,Suryapet                     ,17.0859333348715,79.6653836657596,NA         ,NA          ,,,True         ,False     ,False,verified           ,point_only
FAC_WRI_0019         ,BAGALKOT ICP                                                          ,thermal_power_plant  ,biomass                                                                               ,Indian Power ltd                                                                                                   ,Karnataka        ,Mudhola taluku               ,16.2804         ,75.225          ,28.0       ,Biomass     ,,,False        ,True      ,False,probable           ,external_database_point
FAC_WRI_0032         ,BASIN BRIDGE GT                                                       ,thermal_power_plant  ,gas                                                                                   ,NA                                                                                                                 ,Tamil Nadu       ,Chennai                      ,13.1021         ,80.2682         ,120.0      ,Gas         ,1996.0,,False        ,True      ,True,probable           ,mapped_polygon
FAC_WRI_0034         ,BELGAUM UGAR                                                          ,thermal_power_plant  ,biomass                                                                               ,Ugar Works ltd                                                                                                     ,Karnataka        ,Kagawada taluku              ,16.6505         ,74.8209         ,22.8       ,Biomass     ,,,False        ,True      ,True,probable           ,mapped_polygon
FAC_WRI_0035         ,BELLAD-BAGEWADI                                                       ,thermal_power_plant  ,biomass                                                                               ,Vishwanath Sugars ltd                                                                                              ,Karnataka        ,Hukkeri taluk                ,16.2774         ,74.7111         ,15.0       ,Biomass     ,,,False        ,True      ,False,probable           ,external_database_point
FAC_WRI_0036         ,BELLARY HOTHUR                                                        ,thermal_power_plant  ,coal                                                                                  ,Hothur Pvt ltd                                                                                                     ,Karnataka        ,Kurugodu taluk               ,15.1831         ,76.7909         ,10.0       ,Coal        ,,,False        ,True      ,True,probable           ,mapped_polygon
FAC_WRI_0037         ,BELLARY JANKI                                                         ,thermal_power_plant  ,coal                                                                                  ,Janki Corp ltd                                                                                                     ,Karnataka        ,Bellary taluk                ,15.1777         ,77.1036         ,18.0       ,Coal        ,,,False        ,True      ,False,probable           ,external_database_point
FAC_WRI_0038         ,BHADRAVATI MILL                                                       ,thermal_power_plant  ,coal                                                                                  ,Mysore Mills ltd                                                                                                   ,Karnataka        ,Bhadravati taluk             ,13.8274         ,75.7131         ,41.0       ,Coal        ,,,False        ,True      ,False,probable           ,external_database_point
FAC_WRI_0053         ,BRAMHAPURAM DG                                                        ,thermal_power_plant  ,oil                                                                                   ,NA                                                                                                                 ,Kerala           ,Kunnathunad                  ,9.9975         ,76.3744         ,60.0       ,Oil         ,1997.0,,False        ,True      ,True,probable           ,mapped_polygon
FAC_WRI_0054         ,BSES Kerala CCGT                                                      ,thermal_power_plant  ,gas                                                                                   ,NA                                                                                                                 ,Kerala           ,Paravur                      ,10.074          ,76.3188         ,165.0      ,Gas         ,1999.0,,False        ,True      ,True,probable           ,mapped_polygon
FAC_WRI_0066         ,CORE GREEN SUGAR                                                      ,thermal_power_plant  ,biomass                                                                               ,Core Fuels ltd                                                                                                     ,Karnataka        ,Wadagera taluku              ,16.5471         ,77.0825         ,24.0       ,Biomass     ,,,False        ,True      ,True,probable           ,mapped_polygon
FAC_WRI_0071         ,DAMODARAM SANJEEVAIAH                                                 ,thermal_power_plant  ,coal                                                                                  ,NA                                                                                                                 ,Andhra Pradesh   ,Muthukur                     ,14.3444         ,80.1264         ,1600.0     ,Coal        ,2014.0,,False        ,True      ,False,probable           ,external_database_point
FAC_WRI_0072         ,DANAPUR BMM                                                           ,thermal_power_plant  ,coal                                                                                  ,Bmm Pvt ltd                                                                                                        ,Karnataka        ,Hosapete taluk               ,15.1707         ,76.377          ,25.0       ,Coal        ,,,False        ,True      ,True,probable           ,mapped_polygon
FAC_WRI_0074         ,DAVANGERE MILL                                                        ,thermal_power_plant  ,biomass                                                                               ,Davangere Co ltd                                                                                                   ,Karnataka        ,Davanagere Taluku            ,14.3277         ,75.8808         ,24.0       ,Biomass     ,,,False        ,True      ,False,probable           ,external_database_point
FAC_WRI_0083         ,DUGGAVATHI MILL                                                       ,thermal_power_plant  ,biomass                                                                               ,Shamanur Sugars ltd                                                                                                ,Karnataka        ,Harapanahalli taluku         ,14.6284         ,75.8448         ,22.0       ,Biomass     ,,,False        ,True      ,False,probable           ,external_database_point
FAC_WRI_0087         ,Dandeli Mill                                                          ,thermal_power_plant  ,gas                                                                                   ,West Coast Paper Mills Ltd.                                                                                        ,Karnataka        ,Dandeli taluku               ,15.2529         ,74.6283         ,20.0       ,Gas         ,,,False        ,True      ,False,probable           ,external_database_point
FAC_WRI_0097         ,GAUTAMI CCCP                                                          ,thermal_power_plant  ,gas                                                                                   ,NA                                                                                                                 ,Andhra Pradesh   ,Samalkota                    ,17.0386         ,82.1286         ,468.57     ,Gas         ,2008.0,,False        ,True      ,True,probable           ,mapped_polygon
FAC_WRI_0102         ,GODAVARI GT                                                           ,thermal_power_plant  ,gas                                                                                   ,NA                                                                                                                 ,Andhra Pradesh   ,Kothapalle                   ,17.0587         ,82.3097         ,205.24     ,Gas         ,1997.0,,False        ,True      ,True,probable           ,mapped_polygon
FAC_WRI_0105         ,GREL CCPP (RAJAMUNDRY)                                                ,thermal_power_plant  ,gas                                                                                   ,NA                                                                                                                 ,Andhra Pradesh   ,Kadiam                       ,16.9248         ,81.8111         ,768.0      ,Gas         ,2015.0,,False        ,True      ,False,probable           ,external_database_point
FAC_WRI_0106         ,GULBARGA CEMENT                                                       ,thermal_power_plant  ,coal                                                                                  ,Orient Cement ltd                                                                                                  ,Karnataka        ,Chitapura taluku             ,17.1084         ,77.1325         ,55.0       ,Coal        ,,,False        ,True      ,False,probable           ,external_database_point
FAC_WRI_0109         ,HAVALGA SUGAR                                                         ,thermal_power_plant  ,biomass                                                                               ,Shree Sugars ltd                                                                                                   ,Karnataka        ,Afzalpura taluku             ,17.1202         ,76.4004         ,25.5       ,Biomass     ,,,False        ,True      ,False,probable           ,external_database_point
FAC_WRI_0113         ,HIRIYUR BIOMASS                                                       ,thermal_power_plant  ,biomass                                                                               ,Rk Pvt ltd                                                                                                         ,Karnataka        ,Hiriyuru taluk               ,13.9808         ,76.6279         ,25.0       ,Biomass     ,,,False        ,True      ,False,probable           ,external_database_point
FAC_WRI_0121         ,ITPCL TPP                                                             ,thermal_power_plant  ,coal                                                                                  ,NA                                                                                                                 ,Tamil Nadu       ,Bhuvanagiri                  ,11.5214         ,79.7515         ,1200.0     ,Coal        ,2015.0,,False        ,True      ,False,probable           ,external_database_point
FAC_WRI_0128         ,JEGURUPADU GT                                                         ,thermal_power_plant  ,gas                                                                                   ,NA                                                                                                                 ,Andhra Pradesh   ,Kadiam                       ,16.9312         ,81.86           ,445.674    ,Gas         ,2003.0,,False        ,True      ,True,probable           ,mapped_polygon
FAC_WRI_0131         ,KAKATIYA TPP                                                          ,thermal_power_plant  ,coal                                                                                  ,NA                                                                                                                 ,Telangana        ,Ghanapur Mulug mandal        ,18.3835         ,79.8265         ,1100.0     ,Coal        ,2012.0,,False        ,True      ,True,probable           ,mapped_polygon
FAC_WRI_0132         ,KALLUR GRINDING                                                       ,thermal_power_plant  ,coal                                                                                  ,Chettinad Corp ltd                                                                                                 ,Karnataka        ,Chincholi taluku             ,17.3821         ,77.4389         ,30.0       ,Coal        ,,,False        ,True      ,False,probable           ,external_database_point
FAC_WRI_0136         ,KARAIKAL                                                              ,thermal_power_plant  ,gas                                                                                   ,NA                                                                                                                 ,Puducherry       ,Karaikal Taluk               ,10.9325         ,79.8216         ,32.5       ,Gas         ,2000.0,,False        ,True      ,False,probable           ,external_database_point
FAC_WRI_0137         ,KARUPPUR GT                                                           ,thermal_power_plant  ,gas                                                                                   ,NA                                                                                                                 ,Tamil Nadu       ,Thiruvidaimarudur            ,11.1208         ,79.5287         ,119.8      ,Gas         ,2005.0,,False        ,True      ,True,probable           ,mapped_polygon
FAC_WRI_0139         ,KASARGODE DG                                                          ,thermal_power_plant  ,oil                                                                                   ,NA                                                                                                                 ,Kerala           ,Kasaragod                    ,12.4837         ,74.9929         ,21.84      ,Oil         ,1998.0,,False        ,True      ,False,probable           ,external_database_point
FAC_WRI_0144         ,KAYAM KULAM GT                                                        ,thermal_power_plant  ,gas                                                                                   ,NA                                                                                                                 ,Kerala           ,Karthikappally               ,9.2404         ,76.4283         ,350.0      ,Gas         ,1998.0,,False        ,True      ,False,probable           ,external_database_point
FAC_WRI_0145         ,KCSF SANGUR                                                           ,thermal_power_plant  ,biomass                                                                               ,Gm Energy ltd                                                                                                      ,Karnataka        ,Haveri taluku                ,14.7753         ,75.3131         ,18.0       ,Biomass     ,,,False        ,True      ,False,probable           ,external_database_point
FAC_WRI_0148         ,KM DODDI SUGAR                                                        ,thermal_power_plant  ,biomass                                                                               ,Sri Sugars ltd                                                                                                     ,Karnataka        ,Madduru taluk                ,12.4806         ,77.0411         ,26.0       ,Biomass     ,,,False        ,True      ,False,probable           ,external_database_point
FAC_WRI_0150         ,KOJIKODE DG                                                           ,thermal_power_plant  ,oil                                                                                   ,NA                                                                                                                 ,Kerala           ,Kozhikode                    ,11.2054         ,75.8067         ,96.0       ,Oil         ,1999.0,,False        ,True      ,True,probable           ,mapped_polygon
FAC_WRI_0155         ,KOLLEGAL SUGAR                                                        ,thermal_power_plant  ,biomass                                                                               ,Bannari Sugars ltd                                                                                                 ,Karnataka        ,Nanjanagudu taluk            ,12.1056         ,76.7606         ,16.0       ,Biomass     ,,,False        ,True      ,False,probable           ,external_database_point
FAC_WRI_0156         ,KONASEEMA CCCP                                                        ,thermal_power_plant  ,gas                                                                                   ,NA                                                                                                                 ,Andhra Pradesh   ,Ravulapalem                  ,16.7346         ,81.8622         ,445.0      ,Gas         ,2009.0,,False        ,True      ,True,probable           ,mapped_polygon
FAC_WRI_0157         ,KONDAPALLI GT                                                         ,thermal_power_plant  ,gas                                                                                   ,NA                                                                                                                 ,Andhra Pradesh   ,G.Konduru                    ,16.64           ,80.5504         ,1458.0     ,Gas         ,2009.0,,False        ,True      ,True,probable           ,mapped_polygon
FAC_WRI_0158         ,KOPPA SUGAR                                                           ,thermal_power_plant  ,biomass                                                                               ,Nsl Sugars ltd                                                                                                     ,Karnataka        ,Madduru taluk                ,12.702          ,76.9787         ,26.0       ,Biomass     ,,,False        ,True      ,True,probable           ,mapped_polygon
FAC_WRI_0159         ,KOPPAL HKMP                                                           ,thermal_power_plant  ,coal                                                                                  ,Hare Pvt ltd                                                                                                       ,Karnataka        ,Koppala taluku               ,15.316          ,76.2507         ,12.0       ,Coal        ,,,False        ,True      ,False,probable           ,external_database_point
FAC_WRI_0166         ,KOVILKALAPPAL                                                         ,thermal_power_plant  ,gas                                                                                   ,NA                                                                                                                 ,Tamil Nadu       ,Mannargudi                   ,10.5415         ,79.4507         ,107.88     ,Gas         ,2001.0,,False        ,True      ,False,probable           ,external_database_point
FAC_WRI_0167         ,KUDGI                                                                 ,thermal_power_plant  ,coal                                                                                  ,NA                                                                                                                 ,Karnataka        ,Kolahara Taluku              ,16.4994         ,75.8349         ,2400.0     ,Coal        ,2017.0,,False        ,True      ,True,probable           ,mapped_polygon
FAC_WRI_0168         ,KUNDARGI MILL                                                         ,thermal_power_plant  ,biomass                                                                               ,Gem Sugars ltd                                                                                                     ,Karnataka        ,Bilagi                       ,16.2651         ,75.5302         ,16.5       ,Biomass     ,,,False        ,True      ,False,probable           ,external_database_point
FAC_WRI_0171         ,KUTTALAM GT                                                           ,thermal_power_plant  ,gas                                                                                   ,NA                                                                                                                 ,Tamil Nadu       ,Kuthalam                     ,11.076          ,79.57           ,101.0      ,Gas         ,2003.0,,False        ,True      ,False,probable           ,external_database_point
FAC_WRI_0173         ,K_GUDEM                                                               ,thermal_power_plant  ,coal                                                                                  ,NA                                                                                                                 ,Telangana        ,Palvancha mandal             ,17.6219         ,80.6936         ,720.0      ,Coal        ,1972.0,,False        ,True      ,False,probable           ,external_database_point
FAC_WRI_0174         ,K_GUDEM NEW                                                           ,thermal_power_plant  ,coal                                                                                  ,NA                                                                                                                 ,Telangana        ,Palvancha mandal             ,17.6219         ,80.6936         ,1800.0     ,Coal        ,2010.0,,False        ,True      ,False,probable           ,external_database_point
FAC_WRI_0188         ,MANGALORE REFINERY                                                    ,thermal_power_plant  ,gas                                                                                   ,Mangalore & petrochem                                                                                              ,Karnataka        ,Mangaluru taluk              ,12.9821         ,74.8496         ,166.5      ,Gas         ,,,False        ,True      ,False,probable           ,external_database_point
FAC_WRI_0195         ,MELAMARUTHUR (MUTHIARA)                                               ,thermal_power_plant  ,coal                                                                                  ,NA                                                                                                                 ,Tamil Nadu       ,Ottapidaram                  ,8.9159         ,78.1374         ,1200.0     ,Coal        ,2015.0,,False        ,True      ,False,probable           ,external_database_point
FAC_WRI_0196         ,METTUR                                                                ,thermal_power_plant  ,coal                                                                                  ,NA                                                                                                                 ,Tamil Nadu       ,Mettur                       ,11.7696         ,77.8138         ,840.0      ,Coal        ,1988.0,,False        ,True      ,True,probable           ,mapped_polygon
FAC_WRI_0197         ,METTUR TPS EXT                                                        ,thermal_power_plant  ,coal                                                                                  ,NA                                                                                                                 ,Tamil Nadu       ,Mettur                       ,11.7696         ,77.8138         ,600.0      ,Coal        ,2012.0,,False        ,True      ,False,probable           ,external_database_point
FAC_WRI_0202         ,MUDHOL CEMENT                                                         ,thermal_power_plant  ,coal                                                                                  ,Jk Cement ltd                                                                                                      ,Karnataka        ,Mudhola taluku               ,16.2017         ,75.3005         ,50.0       ,Coal        ,,,False        ,True      ,False,probable           ,external_database_point
FAC_WRI_0208         ,MUNOLI DISTILLERY                                                     ,thermal_power_plant  ,biomass                                                                               ,Shree Sugars ltd                                                                                                   ,Karnataka        ,Savadatti taluku             ,15.8555         ,75.1002         ,11.2       ,Biomass     ,,,False        ,True      ,False,probable           ,external_database_point
FAC_WRI_0224         ,NEYVELI FST EXT                                                       ,thermal_power_plant  ,coal                                                                                  ,NA                                                                                                                 ,Tamil Nadu       ,Virudhachalam                ,11.5887         ,79.4611         ,420.0      ,Coal        ,2002.0,,False        ,True      ,False,probable           ,external_database_point
FAC_WRI_0225         ,NEYVELI ST I                                                          ,thermal_power_plant  ,coal                                                                                  ,NA                                                                                                                 ,Tamil Nadu       ,Panruti                      ,11.5893         ,79.4704         ,600.0      ,Coal        ,1966.0,,False        ,True      ,True,probable           ,mapped_polygon
FAC_WRI_0226         ,NEYVELI ST II                                                         ,thermal_power_plant  ,coal                                                                                  ,NA                                                                                                                 ,Tamil Nadu       ,Virudhachalam                ,11.5576         ,79.4417         ,1470.0     ,Coal        ,1989.0,,False        ,True      ,True,probable           ,mapped_polygon
FAC_WRI_0227         ,NEYVELI TPS EXP -II                                                   ,thermal_power_plant  ,coal                                                                                  ,NA                                                                                                                 ,Tamil Nadu       ,Virudhachalam                ,11.5534         ,79.4408         ,500.0      ,Coal        ,2013.0,,False        ,True      ,False,probable           ,external_database_point
FAC_WRI_0228         ,NEYVELI TPS(Z)                                                        ,thermal_power_plant  ,coal                                                                                  ,NA                                                                                                                 ,Tamil Nadu       ,Virudhachalam                ,11.5401         ,79.4159         ,250.0      ,Coal        ,2002.0,,False        ,True      ,True,probable           ,mapped_polygon
FAC_WRI_0232         ,NORTH CHENNAI                                                         ,thermal_power_plant  ,coal                                                                                  ,NA                                                                                                                 ,Tamil Nadu       ,Ponneri                      ,13.245          ,80.3257         ,630.0      ,Coal        ,1995.0,,False        ,True      ,True,probable           ,mapped_polygon
FAC_WRI_0233         ,NORTH CHENNAI EXTENSION                                               ,thermal_power_plant  ,coal                                                                                  ,NA                                                                                                                 ,Tamil Nadu       ,Ponneri                      ,13.245          ,80.3257         ,1200.0     ,Coal        ,2013.0,,False        ,True      ,False,probable           ,external_database_point
FAC_WRI_0235         ,P.NALLUR CCGT                                                         ,thermal_power_plant  ,gas                                                                                   ,NA                                                                                                                 ,Tamil Nadu       ,Tharangambadi                ,11.0749         ,79.834          ,330.5      ,Gas         ,2001.0,,False        ,True      ,True,probable           ,mapped_polygon
FAC_WRI_0237         ,PAINAMPURAM                                                           ,thermal_power_plant  ,coal                                                                                  ,NA                                                                                                                 ,Andhra Pradesh   ,Thotapalligudur              ,14.3512         ,80.1431         ,1320.0     ,Coal        ,2015.0,,False        ,True      ,False,probable           ,external_database_point
FAC_WRI_0247         ,PEDDAPURAM CCGT(Samalkot)                                             ,thermal_power_plant  ,gas                                                                                   ,NA                                                                                                                 ,Andhra Pradesh   ,Peddapuram                   ,17.0853         ,82.1283         ,220.0      ,Gas         ,2002.0,,False        ,True      ,False,probable           ,external_database_point
FAC_WRI_0255         ,RAICHUR                                                               ,thermal_power_plant  ,coal                                                                                  ,NA                                                                                                                 ,Karnataka        ,Rayachuru taluku             ,16.3532         ,77.3422         ,1720.0     ,Coal        ,1996.0,,False        ,True      ,True,probable           ,mapped_polygon
FAC_WRI_0256         ,RAICHUR STEEL                                                         ,thermal_power_plant  ,coal                                                                                  ,Surana Industries ltd                                                                                              ,Karnataka        ,Rayachuru taluku             ,16.3027         ,77.3608         ,35.0       ,Coal        ,,,False        ,True      ,False,probable           ,external_database_point
FAC_WRI_0259         ,RAJASHREE CEMENT                                                      ,thermal_power_plant  ,coal                                                                                  ,Grasim Cement ltd                                                                                                  ,Karnataka        ,Sedam taluku                 ,17.1427         ,77.1749         ,38.5       ,Coal        ,,,False        ,True      ,False,probable           ,external_database_point
FAC_WRI_0264         ,RAMANAGARAM MILL                                                      ,thermal_power_plant  ,biomass                                                                               ,Spr Pvt ltd                                                                                                        ,Karnataka        ,Ramanagara taluk             ,12.7145         ,77.4524         ,11.0       ,Biomass     ,,,False        ,True      ,False,probable           ,external_database_point
FAC_WRI_0270         ,RAYAL SEEMA                                                           ,thermal_power_plant  ,coal                                                                                  ,NA                                                                                                                 ,Andhra Pradesh   ,Yerraguntla                  ,14.704          ,78.4577         ,1650.0     ,Coal        ,2008.0,,False        ,True      ,False,probable           ,external_database_point
FAC_WRI_0277         ,R_GUNDEM - B                                                          ,thermal_power_plant  ,coal                                                                                  ,NA                                                                                                                 ,Telangana        ,Ramagundam mandal            ,18.7695         ,79.4494         ,62.5       ,Coal        ,1970.0,,False        ,True      ,True,probable           ,external_database_point
FAC_WRI_0278         ,R_GUNDEM STPS                                                         ,thermal_power_plant  ,coal                                                                                  ,NA                                                                                                                 ,Telangana        ,Ramagundam mandal            ,18.7572         ,79.456          ,2600.0     ,Coal        ,1990.0,,False        ,True      ,False,probable           ,external_database_point
FAC_WRI_0283         ,SAMALPATTI DG                                                         ,thermal_power_plant  ,oil                                                                                   ,NA                                                                                                                 ,Tamil Nadu       ,Pochampalli                  ,12.2995         ,78.4038         ,105.7      ,Oil         ,2001.0,,False        ,True      ,True,probable           ,mapped_polygon
FAC_WRI_0284         ,SAMAYANALLUR DG                                                       ,thermal_power_plant  ,oil                                                                                   ,NA                                                                                                                 ,Tamil Nadu       ,Madurai North                ,9.9751         ,78.0445         ,106.0      ,Oil         ,2001.0,,False        ,True      ,True,probable           ,mapped_polygon
FAC_WRI_0285         ,SAMEERWADI MILL                                                       ,thermal_power_plant  ,biomass                                                                               ,Godavari Mills ltd                                                                                                 ,Karnataka        ,Rabakavi Banahatti taluku    ,16.3918         ,75.0411         ,24.0       ,Biomass     ,,,False        ,True      ,False,probable           ,external_database_point
FAC_WRI_0290         ,SANKESHWAR MILL                                                       ,thermal_power_plant  ,biomass                                                                               ,Shri Hiranyakeshi ssk                                                                                              ,Karnataka        ,Hukkeri taluk                ,16.2478         ,74.5003         ,26.0       ,Biomass     ,,,False        ,True      ,False,probable           ,external_database_point
FAC_WRI_0296         ,SEMBCORP GAYATRI                                                      ,thermal_power_plant  ,coal                                                                                  ,NA                                                                                                                 ,Andhra Pradesh   ,Muthukur                     ,14.351          ,80.1443         ,1320.0     ,Coal        ,2016.0,,False        ,True      ,False,probable           ,external_database_point
FAC_WRI_0299         ,SHRI MALAPRABHA                                                       ,thermal_power_plant  ,biomass                                                                               ,Shri Malaprabha ssk                                                                                                ,Karnataka        ,Kitturu taluku               ,15.6933         ,74.7162         ,22.0       ,Biomass     ,,,False        ,True      ,True,probable           ,mapped_polygon
FAC_WRI_0302         ,SIMHADRI                                                              ,thermal_power_plant  ,coal                                                                                  ,NA                                                                                                                 ,Andhra Pradesh   ,Paravada                     ,17.591          ,83.0917         ,2000.0     ,Coal        ,2006.0,,False        ,True      ,True,probable           ,mapped_polygon
FAC_WRI_0303         ,SIMHAPURI TPP                                                         ,thermal_power_plant  ,coal                                                                                  ,NA                                                                                                                 ,Andhra Pradesh   ,Chillakur                    ,14.2133         ,80.0838         ,600.0      ,Coal        ,2013.0,,False        ,True      ,False,probable           ,external_database_point
FAC_WRI_0304         ,SINGARENI TPP                                                         ,thermal_power_plant  ,coal                                                                                  ,NA                                                                                                                 ,Telangana        ,Jaipur mandal                ,18.8372         ,79.5748         ,1200.0     ,Coal        ,2016.0,,False        ,True      ,False,probable           ,external_database_point
FAC_WRI_0307         ,SITAPURAM POWER LIMITED                                               ,thermal_power_plant  ,coal                                                                                  ,NA                                                                                                                 ,Andhra Pradesh   ,Jaggayyapeta                 ,16.8301         ,80.0407         ,43.0       ,Coal        ,2016.0,,False        ,True      ,True,probable           ,mapped_polygon
FAC_WRI_0324         ,TANIR BAVI                                                            ,thermal_power_plant  ,gas                                                                                   ,NA                                                                                                                 ,Karnataka        ,Mangaluru taluk              ,12.9019         ,74.816          ,220.0      ,Gas         ,2001.0,,False        ,True      ,True,probable           ,mapped_polygon
FAC_WRI_0327         ,THAMMINAPATNAM TPP                                                    ,thermal_power_plant  ,coal                                                                                  ,NA                                                                                                                 ,Andhra Pradesh   ,Chillakur                    ,14.2133         ,80.0838         ,300.0      ,Coal        ,2012.0,,False        ,True      ,False,probable           ,external_database_point
FAC_WRI_0333         ,TUNGABHADRA SUGAR                                                     ,thermal_power_plant  ,biomass                                                                               ,Nsl Sugars ltd                                                                                                     ,Karnataka        ,Siruguppa taluku             ,15.6609         ,76.8756         ,28.0       ,Biomass     ,,,False        ,True      ,False,probable           ,external_database_point
FAC_WRI_0334         ,TUTICORIN                                                             ,thermal_power_plant  ,coal                                                                                  ,NA                                                                                                                 ,Tamil Nadu       ,Thoothukkudi                 ,8.7635         ,78.1753         ,1050.0     ,Coal        ,1984.0,,False        ,True      ,True,probable           ,mapped_polygon
FAC_WRI_0335         ,TUTICORIN JV                                                          ,thermal_power_plant  ,coal                                                                                  ,NA                                                                                                                 ,Tamil Nadu       ,Thoothukkudi                 ,8.7603         ,78.1699         ,1000.0     ,Coal        ,2015.0,,False        ,True      ,False,probable           ,external_database_point
FAC_WRI_0336         ,TUTICORIN- IND BARATH                                                 ,thermal_power_plant  ,coal                                                                                  ,NA                                                                                                                 ,Tamil Nadu       ,Thoothukkudi                 ,8.7635         ,78.1753         ,300.0      ,Coal        ,2013.0,,False        ,True      ,False,probable           ,external_database_point
FAC_WRI_0338         ,UDUPI TPP                                                             ,thermal_power_plant  ,coal                                                                                  ,NA                                                                                                                 ,Karnataka        ,Kapu taluku                  ,13.1596         ,74.8002         ,1200.0     ,Coal        ,2010.0,,False        ,True      ,True,probable           ,mapped_polygon
FAC_WRI_0345         ,VALANTHARVI GT                                                        ,thermal_power_plant  ,gas                                                                                   ,NA                                                                                                                 ,Tamil Nadu       ,Ramanathapuram               ,9.3279         ,78.9215         ,52.8       ,Gas         ,2005.0,,False        ,True      ,True,probable           ,mapped_polygon
FAC_WRI_0346         ,VALLUR ntpc/ntecl                                                     ,thermal_power_plant  ,coal                                                                                  ,NA                                                                                                                 ,Tamil Nadu       ,Ponneri                      ,13.2371         ,80.3023         ,1500.0     ,Coal        ,2013.0,,False        ,True      ,False,probable           ,external_database_point
FAC_WRI_0347         ,VALUTHUR GT                                                           ,thermal_power_plant  ,gas                                                                                   ,NA                                                                                                                 ,Tamil Nadu       ,Ramanathapuram               ,9.3484         ,78.9235         ,187.2      ,Gas         ,2005.0,,False        ,True      ,True,probable           ,mapped_polygon
FAC_WRI_0350         ,VASAVADATTA CEMENT                                                    ,thermal_power_plant  ,coal                                                                                  ,Kesoram Industries ltd                                                                                             ,Karnataka        ,Sedam taluku                 ,17.1605         ,77.293          ,50.7       ,Coal        ,,,False        ,True      ,True,probable           ,mapped_polygon
FAC_WRI_0351         ,VEMAGIRI CCCP                                                         ,thermal_power_plant  ,gas                                                                                   ,NA                                                                                                                 ,Andhra Pradesh   ,Kadiam                       ,16.9238         ,81.8141         ,388.5      ,Gas         ,2006.0,,False        ,True      ,False,probable           ,external_database_point
FAC_WRI_0354         ,VIJAYWADA                                                             ,thermal_power_plant  ,coal                                                                                  ,NA                                                                                                                 ,Andhra Pradesh   ,Ibrahimpatnam                ,16.5984         ,80.537          ,1260.0     ,Coal        ,1987.0,,False        ,True      ,False,probable           ,external_database_point
FAC_WRI_0355         ,VIJAYWADA TPP-IV                                                      ,thermal_power_plant  ,coal                                                                                  ,NA                                                                                                                 ,Andhra Pradesh   ,Ibrahimpatnam                ,16.5973         ,80.5382         ,500.0      ,Coal        ,2009.0,,False        ,True      ,False,probable           ,external_database_point
FAC_WRI_0356         ,VIJESWARAM GT                                                         ,thermal_power_plant  ,gas                                                                                   ,NA                                                                                                                 ,Andhra Pradesh   ,Kovvur                       ,16.9345         ,81.7245         ,272.3      ,Gas         ,1995.0,,False        ,True      ,True,probable           ,mapped_polygon
FAC_WRI_0359         ,VIZAG TPP                                                             ,thermal_power_plant  ,coal                                                                                  ,NA                                                                                                                 ,Andhra Pradesh   ,Pedagantyada                 ,17.5635         ,83.1382         ,1040.0     ,Coal        ,2015.0,,False        ,True      ,True,probable           ,mapped_polygon
FAC_WRI_0360         ,WADI CEMENT PLANT                                                     ,thermal_power_plant  ,coal                                                                                  ,Acc Acc ltd                                                                                                        ,Karnataka        ,Chitapura taluku             ,17.0552         ,76.9775         ,75.0       ,Coal        ,,,False        ,True      ,True,probable           ,mapped_polygon
FAC_WRI_0366         ,YELHANKA (DG)                                                         ,thermal_power_plant  ,oil                                                                                   ,NA                                                                                                                 ,Karnataka        ,Yelahanka taluku             ,13.1156         ,77.5838         ,106.6      ,Oil         ,1993.0,,False        ,True      ,True,probable           ,mapped_polygon
FAC_WRI_0367         ,YERMARUS TPP                                                          ,thermal_power_plant  ,coal                                                                                  ,NA                                                                                                                 ,Karnataka        ,Rayachuru taluku             ,16.2949         ,77.3568         ,1600.0     ,Coal        ,2016.0,,False        ,True      ,True,probable           ,mapped_polygon
